"","num1","num2","num3","num4","num5","num6","num7","num8","num9","num10","num11","num12","num13","num14","num15","num16","num17","num18","num19","num20","num21","num22","num23","num24","num25","num26","num27","num28","num29","num30","num31","num32","num33","num34","num35","num36","num37","num38","num39","num40","num41","num42","num43","num44","num45","num46","num47","num48","num49","num50","num51","num52","num53","num54","num55","num56","num57","num58","num59","cat1","cat2","cat3","cat4","cat5","cat6","cat7","cat8","cat9","cat10","cat11","cat12","cat13","cat14","cat15","cat16","cat17","cat18","cat19","cat20","cat21","cat22","cat23","cat24","cat25","cat26"
"6403",569.259,14.97,0.539978000000019,0.00815795883701645,0.00459795508338603,0.00778592250922507,-0.0201629741262415,16.14,15.6,16.09,16.85,-0.0724907063197026,-0.0403846153846153,-0.0696084524549409,-1.17,0.540000000000001,-0.49,2.209991,-0.959991000000002,0.579986000000019,-3.73998999999998,0.700012000000015,-5.620026,49.8946547902082,37.7328493622323,13.8789818854349,19.430367438303,50.0617555964401,42.8739988005232,0.592947727602607,1.75,1.55645879871241,272.170013,270.420013,-0.177873075400892,0.0177493337837849,-1.03689571402939,11.947373860024,19.8573970962159,43.9836938035833,-0.210318932613307,1.68588825171538,0.199982000000034,51.0666155954615,4.17582553995555,2.72150289063024,137.507198078473,18.3003059979454,4.76073498728957,114.201705814947,51.0666155954615,4.17582553995555,2.72150289063024,137.507198078473,18.3003059979454,4.76073498728957,114.201705814947,-0.699982000000034,6403,"D","G",FALSE,FALSE,FALSE,FALSE,FALSE,FALSE,FALSE,FALSE,FALSE,FALSE,FALSE,FALSE,FALSE,FALSE,FALSE,FALSE,FALSE,FALSE,FALSE,FALSE,FALSE,FALSE,FALSE,FALSE
"6404",664.937,13.37,1.75,0.00845823341098272,0.0166851941679998,0.0140648266406886,-0.00617036036931475,14.97,16.14,15.6,16.09,-0.10688042752171,-0.171623296158612,-0.142948717948718,-1.6,-1.17,0.540000000000001,2.31002799999999,2.209991,-0.959991000000002,0.600006000000008,-1.60000600000001,-1.709992,49.3694762850227,34.0628859540473,18.3461068585296,19.3529202540334,56.1229041117639,51.5490068218109,7.24414248335799,2.180024,1.60099917023295,273.140015,270.959991,-0.0828998371775413,-0.00238050040848032,-2.99817459044309,8.82698466641604,19.430367438303,42.8739988005232,-0.177873075400892,-1.03689571402939,2.66000299999996,45.4136671481059,2.82656202687719,2.74251471787963,145.083992646438,46.8627077136709,4.17582553995555,137.507198078473,45.4136671481059,2.82656202687719,2.74251471787963,145.083992646438,46.8627077136709,4.17582553995555,137.507198078473,0.970002000000022,6404,"E","G",FALSE,FALSE,FALSE,FALSE,FALSE,FALSE,FALSE,FALSE,FALSE,FALSE,FALSE,FALSE,FALSE,FALSE,FALSE,FALSE,FALSE,FALSE,FALSE,FALSE,FALSE,FALSE,FALSE,FALSE
"6405",505.504,12.69,3.790009,0.00900436018787062,0.0175387545790389,0.0317430399463217,0.00484522711053818,13.37,14.97,16.14,15.6,-0.0508601346297681,-0.152304609218437,-0.213754646840149,-0.68,-1.6,-1.17,2.47998100000001,2.31002799999999,2.209991,-2.25,-0.570006999999976,1.33999599999999,55.5114770092157,28.757184699659,31.7488040832849,20.2383405275514,61.5223150536969,56.594450181798,33.5996027164198,3.83999699999998,1.76092758664488,276.549988,272.709991,0.0646782757699693,0.0110312548272096,-3.97073277450919,5.9392020981786,19.3529202540334,51.5490068218109,-0.0828998371775413,-2.99817459044309,2.11999500000002,43.2237196663699,1.35693195184921,2.46539816467354,150.023104226558,71.9046510191944,2.82656202687719,145.083992646438,43.2237196663699,1.35693195184921,2.46539816467354,150.023104226558,71.9046510191944,2.82656202687719,145.083992646438,3.40997299999998,6405,"A","G",FALSE,FALSE,FALSE,FALSE,FALSE,FALSE,FALSE,FALSE,FALSE,FALSE,FALSE,FALSE,FALSE,FALSE,FALSE,FALSE,FALSE,FALSE,FALSE,FALSE,FALSE,FALSE,FALSE,FALSE
"6406",519.668,12.64,1.57998700000002,0.00359841677434509,0.012635178402958,0.029569118669804,0.0123411760435571,12.69,13.37,14.97,16.14,-0.00394011032308896,-0.0545998504113686,-0.15564462257849,-0.0499999999999989,-0.68,-1.6,1,2.47998100000001,2.31002799999999,1.540009,-1.05999800000001,3.39999399999999,58.7359853120622,26.5425972021394,37.7508480567927,21.4892339224972,63.4741588691064,64.4966660619296,41.0106217923293,1.91000400000001,1.77157590188453,278.410004,276.5,0.208340308644539,0.0504930655906755,-3.17316865526033,3.43114300312303,20.2383405275514,56.594450181798,0.0646782757699693,-3.97073277450919,1.05001900000002,43.0592976974347,0.142045369162869,2.00072760557141,134.091760542724,92.4845509777038,1.35693195184921,150.023104226558,43.0592976974347,0.142045369162869,2.00072760557141,134.091760542724,92.4845509777038,1.35693195184921,150.023104226558,1.86001600000003,6406,"B","G",FALSE,FALSE,FALSE,FALSE,FALSE,FALSE,FALSE,FALSE,FALSE,FALSE,FALSE,FALSE,FALSE,FALSE,FALSE,FALSE,FALSE,FALSE,FALSE,FALSE,FALSE,FALSE,FALSE,FALSE
"6407",770.547,13.63,-1.55999800000001,-0.00731448205050875,-0.00374238583106986,0.0205691021106205,0.00322493023435533,12.64,12.69,13.37,14.97,0.0783227848101266,0.0740740740740742,0.0194465220643232,0.99,-0.0499999999999989,-0.68,-2.040009,1,2.47998100000001,0.38998399999997,0.470001000000025,0.88998399999997,58.6342037810507,30.7011168156249,31.2676853666155,22.1876947399342,57.1096829907292,57.6649010254588,27.9083089382626,0.0399780000000192,1.64789033746421,278.079987,278.040009,0.259004644784566,0.0921953814294536,-2.94723570031784,1.41609154946034,21.4892339224972,64.4966660619296,0.208340308644539,-3.17316865526033,-0.970001000000025,47.3313791696348,-0.271385950986724,1.54630489425978,127.132466282941,107.857362494052,0.142045369162869,134.091760542724,47.3313791696348,-0.271385950986724,1.54630489425978,127.132466282941,107.857362494052,0.142045369162869,134.091760542724,-1.26001000000002,6407,"C","G",FALSE,FALSE,FALSE,FALSE,FALSE,FALSE,FALSE,TRUE,FALSE,FALSE,FALSE,FALSE,FALSE,FALSE,FALSE,FALSE,FALSE,FALSE,FALSE,FALSE,FALSE,FALSE,FALSE,FALSE
"6408",601.247,12.58,1.080017,0.00906599052224908,0.00168519544679526,0.027624550924624,0.0187062616214362,13.63,12.64,12.69,13.37,-0.0770359501100514,-0.00474683544303801,-0.00866824271079586,-1.05,0.99,-0.0499999999999989,2.51001000000002,-2.040009,1,0.579986000000019,-1.73001100000005,5.13000500000004,59.0570951567334,28.3703036627614,35.0997420812311,23.1099838357412,62.1397852593487,64.3166417767604,39.4133118558529,1.76000999999997,1.65589888478819,278.279999,276.519989,0.368377495099881,0.147431804163539,-1.16173200555204,0.00280106767902982,22.1876947399342,57.6649010254588,0.259004644784566,-2.94723570031784,1.38998400000003,43.5954656401928,-1.18967084042819,0.999109747322188,104.259092127204,116.790675022706,-0.271385950986724,127.132466282941,43.5954656401928,-1.18967084042819,0.999109747322188,104.259092127204,116.790675022706,-0.271385950986724,127.132466282941,1.13000499999998,6408,"D","G",FALSE,FALSE,FALSE,FALSE,FALSE,FALSE,FALSE,FALSE,FALSE,FALSE,FALSE,FALSE,TRUE,FALSE,FALSE,FALSE,FALSE,FALSE,FALSE,FALSE,FALSE,FALSE,FALSE,FALSE
"6409",482.16,12.18,1.05999800000001,0.000787489723081994,0.0098606196196969,0.0320782657529331,0.0176530762776835,12.58,13.63,12.64,12.69,-0.0317965023847377,-0.106382978723404,-0.0363924050632912,-0.4,-1.05,0.99,0.220000999999968,2.51001000000002,-2.040009,-0.959991000000002,0.5,4.85000600000001,58.8960914634395,26.441820814478,38.0303077291939,24.1757212567021,62.5543126684014,64.1081852781568,44.0070929951718,1.57000699999998,1.64976375016046,279.170013,277.600006,0.455929987225678,0.209131440775967,0.769953965075304,-0.839196153782457,23.1099838357412,64.3166417767604,0.368377495099881,-1.16173200555204,0.5,42.2280392767494,-2.14123793555262,0.371040210747226,76.3455557262288,119.083323053369,-1.18967084042819,104.259092127204,42.2280392767494,-2.14123793555262,0.371040210747226,76.3455557262288,119.083323053369,-1.18967084042819,104.259092127204,0.890014000000008,6409,"E","G",FALSE,FALSE,FALSE,FALSE,FALSE,FALSE,FALSE,FALSE,FALSE,FALSE,FALSE,FALSE,FALSE,FALSE,FALSE,FALSE,FALSE,FALSE,FALSE,FALSE,TRUE,FALSE,FALSE,FALSE
"6410",482.01,12.83,0.17999199999997,-0.000894166470820365,-0.000107380894644867,0.0228113629752497,0.0307748929889298,12.18,12.58,13.63,12.64,0.0533661740558293,0.019872813990461,-0.0586940572267058,0.65,-0.4,-1.05,-0.25,0.220000999999968,2.51001000000002,2.209991,-3.73998999999998,8.33999599999999,58.4181565508005,25.2863677948208,39.5818374394871,25.276158126901,61.7272335998515,70.2267775461254,49.9449896902165,0.98001099999999,1.60192426800614,279.640015,278.660004,0.51186230130269,0.269677612881312,2.89333711742881,-1.10430667843263,24.1757212567021,64.1081852781568,0.455929987225678,0.769953965075304,-0.13000500000004,45.2341863284621,-2.49802510338041,-0.2027728520783,58.5067198984166,116.350177260437,-2.14123793555262,76.3455557262288,45.2341863284621,-2.49802510338041,-0.2027728520783,58.5067198984166,116.350177260437,-2.14123793555262,76.3455557262288,0.470002000000022,6410,"A","G",FALSE,FALSE,FALSE,FALSE,FALSE,FALSE,FALSE,FALSE,FALSE,FALSE,FALSE,FALSE,FALSE,FALSE,FALSE,FALSE,FALSE,FALSE,FALSE,FALSE,FALSE,FALSE,FALSE,FALSE
"6411",523.155,12.06,-0.42999199999997,0.00404526747397834,0.00314748386061724,0.0183355884163728,0.0326583019294927,12.83,12.18,12.58,13.63,-0.0600155884645362,-0.00985221674876841,-0.041335453100159,-0.77,0.65,-0.4,1.13000500000004,-0.25,0.220000999999968,2.31002799999999,0.600006000000008,8.86999500000002,58.4181565508005,25.2863677948208,39.5818374394871,26.2979923635143,64.041515170852,69.7501612719874,43.745907588636,0,1.48750110600571,278.839996,278.839996,0.582203897192146,0.332182869743479,6.02154080326338,-0.622567506038406,25.276158126901,70.2267775461254,0.51186230130269,2.89333711742881,1.11001600000003,42.4183407018551,-3.21162823717485,-0.80454392909761,25.0929913351583,106.449208984905,-2.49802510338041,58.5067198984166,42.4183407018551,-3.21162823717485,-0.80454392909761,25.0929913351583,106.449208984905,-2.49802510338041,58.5067198984166,-1.17001399999998,6411,"B","G",TRUE,FALSE,FALSE,FALSE,FALSE,FALSE,FALSE,FALSE,FALSE,FALSE,FALSE,FALSE,FALSE,FALSE,FALSE,FALSE,FALSE,FALSE,FALSE,FALSE,FALSE,FALSE,FALSE,FALSE
"6412",445.935,12.1,1.64999399999999,0.00210360109065633,0.00615737819370493,0.0113710114005976,0.0434750018160386,12.06,12.83,12.18,12.58,0.00331674958540623,-0.0568978955572876,-0.00656814449917899,0.0399999999999991,-0.77,0.65,0.589996999999983,1.13000500000004,-0.25,2.47998100000001,-2.25,11.709992,62.2995285766897,22.7562680697111,46.4909648326148,27.7403475398786,65.2239065593203,79.956453353854,39.585587261647,2.14999399999999,1.5348220270053,280.559998,278.410004,0.647374074387175,0.395221110672218,9.5940404884575,0.558647627571248,26.2979923635143,69.7501612719874,0.582203897192146,6.02154080326338,0.26998900000001,42.6181751539601,-3.72508503564499,-1.38865215040709,-7.60021820206862,90.3261627315118,-3.21162823717485,25.0929913351583,42.6181751539601,-3.72508503564499,-1.38865215040709,-7.60021820206862,90.3261627315118,-3.21162823717485,25.0929913351583,2.08999699999998,6412,"C","G",FALSE,FALSE,FALSE,FALSE,FALSE,FALSE,FALSE,FALSE,TRUE,FALSE,FALSE,FALSE,FALSE,FALSE,FALSE,FALSE,FALSE,FALSE,FALSE,FALSE,FALSE,FALSE,FALSE,FALSE
"6413",614.121,12.87,-0.600007000000005,-0.00377142961482554,-0.00167576210762029,0.00394408757140385,0.0336298294346508,12.1,12.06,12.83,12.18,0.0636363636363636,0.0671641791044775,0.00311769290724857,0.77,0.0399999999999991,-0.77,-1.05999800000001,0.589996999999983,1.13000500000004,1,1.540009,9.10998499999999,61.5285973315314,24.6526115716014,42.7888935758356,28.8152436853041,61.3225131566975,72.0684236682781,26.8532719778039,0.25,1.44304902507635,280.309998,280.059998,0.660391127295967,0.448255113996968,12.4039862196406,2.26999882869166,27.7403475398786,79.956453353854,0.647374074387175,9.5940404884575,-0.440003000000047,46.4694400580924,-3.62772180129735,-1.83646608058514,-30.2857762914635,70.8406328495228,-3.72508503564499,-7.60021820206862,46.4694400580924,-3.62772180129735,-1.83646608058514,-30.2857762914635,70.8406328495228,-3.72508503564499,-7.60021820206862,-0.25,6413,"D","G",FALSE,FALSE,FALSE,FALSE,FALSE,FALSE,FALSE,FALSE,FALSE,FALSE,FALSE,FALSE,FALSE,FALSE,FALSE,FALSE,TRUE,FALSE,FALSE,FALSE,FALSE,FALSE,FALSE,FALSE
"6414",823.377,12.86,0.0400089999999977,-0.00114288214285706,-0.00491000145812277,0.0101856828461507,0.0309642953073,12.87,12.1,12.06,12.83,-0.000777000777000761,0.0628099173553719,0.0663349917081259,-0.00999999999999979,0.77,0.0399999999999991,-0.320006999999976,-1.05999800000001,0.589996999999983,-2.040009,0.38998399999997,8.39999400000005,60.528381974,25.615170079105,40.5291064308238,29.6519481671269,60.1527246296687,61.33971596801,37.0293652685228,0.309998000000007,1.36211680899947,279.769989,279.459991,0.653779975975244,0.489360086392623,14.5467840512174,4.32750069821683,28.8152436853041,72.0684236682781,0.660391127295967,12.4039862196406,-0.259978999999987,46.42586048649,-3.51760879702024,-2.17269462387216,-48.4550366633619,48.7875060839761,-3.62772180129735,-30.2857762914635,46.42586048649,-3.51760879702024,-2.17269462387216,-48.4550366633619,48.7875060839761,-3.62772180129735,-30.2857762914635,-0.540008999999998,6414,"E","G",FALSE,FALSE,FALSE,FALSE,FALSE,FALSE,FALSE,FALSE,FALSE,FALSE,FALSE,FALSE,FALSE,FALSE,FALSE,FALSE,FALSE,FALSE,FALSE,FALSE,FALSE,FALSE,FALSE,FALSE
"6415",470.476,12.62,-0.440001999999993,0.00185933571587293,0.000714328571428626,0.00297103130205518,0.0306776556321815,12.86,12.87,12.1,12.06,-0.0186625194401244,-0.0194250194250194,0.0429752066115702,-0.24,-0.00999999999999979,0.77,0.520018999999991,-0.320006999999976,-1.05999800000001,2.51001000000002,0.579986000000019,8.34002700000002,60.528381974,25.8976376645657,40.0698128344454,30.3960813576497,61.4399925270193,60.6184833644767,30.5907340285641,0,1.26482275121379,279.5,279.5,0.655975376506879,0.522683144415474,15.9916898795379,6.45692942430552,29.6519481671269,61.33971596801,0.653779975975244,14.5467840512174,-0.0500179999999659,45.3271831323332,-3.53900200967254,-2.44595610103224,-61.4227568604592,27.0636708169558,-3.51760879702024,-48.4550366633619,45.3271831323332,-3.53900200967254,-2.44595610103224,-61.4227568604592,27.0636708169558,-3.51760879702024,-48.4550366633619,-0.319976999999994,6415,"A","G",TRUE,FALSE,FALSE,FALSE,FALSE,FALSE,FALSE,FALSE,FALSE,FALSE,FALSE,FALSE,FALSE,FALSE,FALSE,FALSE,FALSE,FALSE,FALSE,FALSE,FALSE,FALSE,FALSE,FALSE
"6416",680.269,12.41,1.57000699999998,0.00503202333909957,0.00690071527568999,0.00722482574090387,0.0395348513739724,12.62,12.86,12.87,12.1,-0.0166402535657686,-0.0349922239502332,-0.0357420357420357,-0.209999999999999,-0.24,-0.00999999999999979,1.40997299999998,0.520018999999991,-0.320006999999976,0.220000999999968,-0.959991000000002,10.709991,64.1145501785593,22.2100604976072,48.5429234522126,31.6922843644042,64.7637984749376,66.9869180465788,34.1590372484947,2.73001099999999,1.36947905469852,281.790009,279.059998,0.690460382975355,0.55623859212745,17.6911372138913,8.75008197032876,30.3960813576497,60.6184833644767,0.655975376506879,15.9916898795379,2.13000499999998,44.3384402755232,-3.64710717099221,-2.68618631502423,-78.1542810231427,4.25403222739089,-3.53900200967254,-61.4227568604592,44.3384402755232,-3.64710717099221,-2.68618631502423,-78.1542810231427,4.25403222739089,-3.53900200967254,-61.4227568604592,2.33999699999998,6416,"B","G",FALSE,FALSE,FALSE,FALSE,FALSE,FALSE,FALSE,FALSE,TRUE,FALSE,FALSE,FALSE,FALSE,FALSE,FALSE,FALSE,FALSE,FALSE,FALSE,FALSE,FALSE,FALSE,FALSE,FALSE
"6417",788.829,12.29,0.649993999999992,0.00852251385901685,0.0135974226867628,0.016718028448744,0.0399107524391685,12.41,12.62,12.86,12.87,-0.00966962127316688,-0.026148969889065,-0.0443234836702955,-0.120000000000001,-0.209999999999999,-0.24,2.40002500000003,1.40997299999998,0.520018999999991,-0.25,2.209991,10.900025,61.6890774220021,21.3698472151556,48.5429234522126,32.8959014421048,69.5717987506389,67.9538138717116,40.5279458842928,0.699982000000034,1.32165783650577,281.329987,280.630005,0.777910322034914,0.600572938108943,20.8880638659703,11.2000592893868,31.6922843644042,66.9869180465788,0.690460382975355,17.6911372138913,1.80999700000001,43.7511394233264,-3.76841926926098,-2.90263290587158,-99.96211906763,-18.437213460924,-3.64710717099221,-78.1542810231427,43.7511394233264,-3.76841926926098,-2.90263290587158,-99.96211906763,-18.437213460924,-3.64710717099221,-78.1542810231427,-0.460021999999981,6417,"C","G",TRUE,FALSE,FALSE,FALSE,FALSE,FALSE,FALSE,FALSE,FALSE,FALSE,FALSE,FALSE,FALSE,FALSE,FALSE,FALSE,TRUE,FALSE,FALSE,FALSE,FALSE,FALSE,FALSE,FALSE
"6418",579.195,12.14,1.80999700000001,-0.00235912107464113,0.006143287142322,0.0102328056111782,0.0287560185395823,12.29,12.41,12.62,12.86,-0.0122050447518306,-0.0217566478646253,-0.0380348652931853,-0.149999999999999,-0.120000000000001,-0.209999999999999,-0.670014000000037,2.40002500000003,1.40997299999998,1.13000500000004,2.31002799999999,7.919983,65.2782424899909,19.2218355349332,54.5045732874624,34.4393780024875,66.8302178205761,60.6236731514775,52.696442128464,1.92001300000004,1.36439749104107,283.200012,281.279999,0.818070277744831,0.644072406036121,22.9849433292101,13.6683914409573,32.8959014421048,67.9538138717116,0.777910322034914,20.8880638659703,-0.260010000000023,42.9846809610432,-3.91840211490997,-3.10578674767926,-116.481456623546,-39.8624370553434,-3.76841926926098,-99.96211906763,42.9846809610432,-3.91840211490997,-3.10578674767926,-116.481456623546,-39.8624370553434,-3.76841926926098,-99.96211906763,1.870025,6418,"D","G",FALSE,FALSE,FALSE,FALSE,FALSE,FALSE,FALSE,FALSE,TRUE,FALSE,FALSE,FALSE,FALSE,FALSE,FALSE,FALSE,FALSE,FALSE,FALSE,FALSE,FALSE,FALSE,FALSE,FALSE
"6419",767.687,13.03,-2.709991,-0.00677625124269431,-0.00911938632022174,0.00128091867416855,0.0126664954156134,12.14,12.29,12.41,12.62,0.07331136738056,0.0602115541090318,0.0499597099113617,0.889999999999999,-0.149999999999999,-0.120000000000001,-1.919983,-0.670014000000037,2.40002500000003,0.589996999999983,2.47998100000001,3.52001899999999,65.8516271900608,18.5726370546076,56.0016608476857,35.9795410628588,59.5842335769572,52.8538006377854,12.5583873558717,0.619995000000017,1.31122588453814,283.709991,283.089996,0.785373055012273,0.672332535831351,23.8862390754661,16.0009361029615,34.4393780024875,60.6236731514775,0.818070277744831,22.9849433292101,-0.289978000000019,48.7244333206325,-3.43893311786579,-3.17241602171657,-116.951822332635,-59.3578306365713,-3.91840211490997,-116.481456623546,48.7244333206325,-3.43893311786579,-3.17241602171657,-116.951822332635,-59.3578306365713,-3.91840211490997,-116.481456623546,0.509978999999987,6419,"E","G",FALSE,TRUE,FALSE,FALSE,FALSE,FALSE,FALSE,FALSE,FALSE,FALSE,FALSE,FALSE,FALSE,FALSE,FALSE,FALSE,TRUE,FALSE,FALSE,FALSE,FALSE,FALSE,FALSE,FALSE
"6420",637.425,14.26,-1.02001999999999,-0.00522351265757339,-0.0119643680661306,-0.000178528571428517,0.00376485486765562,13.03,12.14,12.29,12.41,0.0943975441289333,0.174629324546952,0.160292921074044,1.23,0.889999999999999,-0.149999999999999,-1.47000099999997,-1.919983,-0.670014000000037,-1.05999800000001,1,1.05001800000002,61.757607191866,29.1367845721221,35.8887077482685,35.9730529689595,54.6946250664591,46.1634767676548,4.23033408877666,1.13000500000004,1.29828153564256,281.51001,280.380005,0.708946721815518,0.679655373028184,23.9117255904338,17.9887344126471,35.9795410628588,52.8538006377854,0.785373055012273,23.8862390754661,-2.13000499999998,55.4059934069949,-2.26482445253883,-2.99089770788102,-111.255089170428,-74.5076173594142,-3.43893311786579,-116.951822332635,55.4059934069949,-2.26482445253883,-2.99089770788102,-111.255089170428,-74.5076173594142,-3.43893311786579,-116.951822332635,-2.19998099999998,6420,"A","G",FALSE,FALSE,FALSE,FALSE,FALSE,FALSE,FALSE,FALSE,FALSE,TRUE,FALSE,FALSE,FALSE,FALSE,FALSE,FALSE,FALSE,FALSE,FALSE,FALSE,FALSE,FALSE,FALSE,FALSE
"6421",685.705,12.83,1.02001999999999,0.00492936217484428,-0.000319899068443175,0.00589957823690303,0.0161453523159008,14.26,13.03,12.14,12.29,-0.100280504908836,-0.0153491941673062,0.0568369028006589,-1.43,1.23,0.889999999999999,1.379975,-1.47000099999997,-1.919983,-0.320006999999976,-2.040009,4.47000200000002,56.8715895585224,26.8315974110321,35.8887077482685,35.9670283103387,58.1653274708787,54.5569312986602,15.0059381497482,1.45001300000001,1.30911949738238,280.809998,279.359985,0.680260121305021,0.679776322683552,23.5258344590071,19.5367115204859,35.9730529689595,46.1634767676548,0.708946721815518,23.9117255904338,0.329987000000017,47.6344977379585,-2.19876864750651,-2.83247189580612,-103.462419379124,-85.1589730457537,-2.26482445253883,-111.255089170428,47.6344977379585,-2.19876864750651,-2.83247189580612,-103.462419379124,-85.1589730457537,-2.26482445253883,-111.255089170428,-0.700012000000015,6421,"B","G",FALSE,FALSE,TRUE,FALSE,FALSE,FALSE,FALSE,FALSE,FALSE,FALSE,FALSE,FALSE,FALSE,FALSE,FALSE,FALSE,FALSE,TRUE,FALSE,FALSE,FALSE,FALSE,FALSE,FALSE
"6422",538.533,13.15,-0.25,-0.00167064309429632,0.00325048387567127,0.00235536392482374,0.0053333930868273,12.83,14.26,13.03,12.14,0.0249415432579891,-0.0778401122019635,0.00920951650038381,0.32,-1.43,1.23,-0.470002000000022,1.379975,-1.47000099999997,0.520018999999991,2.51001000000002,1.48998999999998,57.3052463034072,25.091837744894,39.0953259215213,36.1904781397089,56.5756451886002,47.9214602819331,13.6895916980604,1.17999300000002,1.29989617614078,281.559998,280.380005,0.636634484282905,0.671147955003422,22.9842416768492,20.7122954601758,35.9670283103387,54.5569312986602,0.680260121305021,23.5258344590071,0.110015999999973,49.3466968172964,-1.92598087136298,-2.65117369091749,-92.6553918621306,-92.0889303313834,-2.19876864750651,-103.462419379124,49.3466968172964,-1.92598087136298,-2.65117369091749,-92.6553918621306,-92.0889303313834,-2.19876864750651,-103.462419379124,0.75,6422,"C","H",FALSE,FALSE,FALSE,FALSE,FALSE,FALSE,FALSE,FALSE,FALSE,FALSE,TRUE,FALSE,FALSE,FALSE,FALSE,FALSE,FALSE,FALSE,FALSE,FALSE,FALSE,FALSE,FALSE,FALSE
"6423",634.264,12.19,-0.970000999999968,0.00544766104719407,0.00376791685558919,0.00276989468253411,0.0100147324298399,13.15,12.83,14.26,13.03,-0.0730038022813689,-0.0498830865159782,-0.145161290322581,-0.960000000000001,0.32,-1.43,1.53003000000001,-0.470002000000022,1.379975,1.40997299999998,0.220000999999968,2.80001900000002,57.3052463034072,25.091837744894,39.0953259215213,36.3979672669812,60.3725300321513,48.8677218521007,-8.87676996529375,0,1.20704644927359,280.130005,280.130005,0.638673550354163,0.664653074073571,22.7871393412157,21.6278904923978,36.1904781397089,47.9214602819331,0.636634484282905,22.9842416768492,0.449982000000034,44.6319263390787,-2.28079927670308,-2.57709880807461,-88.7537694677424,-96.5665673096479,-1.92598087136298,-92.6553918621306,44.6319263390787,-2.28079927670308,-2.57709880807461,-88.7537694677424,-96.5665673096479,-1.92598087136298,-92.6553918621306,-2.169983,6423,"D","H",TRUE,FALSE,FALSE,FALSE,FALSE,FALSE,FALSE,FALSE,FALSE,FALSE,FALSE,FALSE,FALSE,FALSE,FALSE,FALSE,FALSE,FALSE,TRUE,FALSE,FALSE,FALSE,FALSE,FALSE
"6424",539.354,11.64,3.169983,0.00428482218112422,0.00975582548720856,-0.0014436251736339,0.015250268708388,12.19,13.15,12.83,14.26,-0.0451189499589827,-0.114828897338403,-0.0927513639906469,-0.549999999999999,-0.960000000000001,0.32,1.209991,1.53003000000001,-0.470002000000022,2.40002500000003,-0.25,4.26001000000002,63.6467923350317,20.6557267739093,50.9961813899851,37.4406968471958,63.1189338558954,54.7299798389325,17.1106943259954,3.36999499999996,1.36154277432547,282.529999,279.160004,0.667247046445252,0.665171868547907,22.7646567060945,22.3804423620152,36.3979672669812,48.8677218521007,0.638673550354163,22.7871393412157,1.080017,42.1473687091421,-2.88174489883054,-2.63802802622579,-84.9396555791325,-99.1795560561672,-2.28079927670308,-88.7537694677424,42.1473687091421,-2.88174489883054,-2.63802802622579,-84.9396555791325,-99.1795560561672,-2.28079927670308,-88.7537694677424,3.13998399999997,6424,"E","H",FALSE,FALSE,FALSE,FALSE,FALSE,FALSE,FALSE,FALSE,TRUE,FALSE,FALSE,FALSE,FALSE,FALSE,FALSE,FALSE,FALSE,FALSE,FALSE,FALSE,FALSE,FALSE,FALSE,FALSE
"6425",394.009,11.27,0.870024999999998,0.00366716846966498,0.00796770381558994,0.00458819446019905,0.0148679501733948,11.64,12.19,13.15,12.83,-0.0317869415807561,-0.0754716981132075,-0.142965779467681,-0.370000000000001,-0.549999999999999,-0.960000000000001,1.040009,1.209991,1.53003000000001,-0.670014000000037,1.13000500000004,4.17001399999998,65.0998379835775,19.2322938032872,54.3891672230139,38.6513018740399,65.3422828752985,54.0836622216811,13.135403091129,1.31002799999999,1.35786314758794,283.640015,282.329987,0.711332921242303,0.674404079086786,23.0872186582229,22.9800069669409,37.4406968471958,54.7299798389325,0.667247046445252,22.7646567060945,1.32998599999996,40.513464670442,-3.56642341840248,-2.82370710466113,-88.7583922080494,-100.357790632268,-2.88174489883054,-84.9396555791325,40.513464670442,-3.56642341840248,-2.82370710466113,-88.7583922080494,-100.357790632268,-2.88174489883054,-84.9396555791325,1.11001600000003,6425,"A","H",FALSE,FALSE,FALSE,FALSE,FALSE,FALSE,FALSE,FALSE,FALSE,FALSE,FALSE,FALSE,FALSE,FALSE,FALSE,FALSE,TRUE,FALSE,FALSE,FALSE,FALSE,FALSE,FALSE,FALSE
"6426",431.966,10.93,2.03997799999996,0.00330231854435509,0.00698159717246272,0.014782083035438,0.0160819363558097,11.27,11.64,12.19,13.15,-0.0301685891748003,-0.0609965635738832,-0.103363412633306,-0.34,-0.370000000000001,-0.549999999999999,0.939972000000012,1.040009,1.209991,-1.919983,0.589996999999983,4.51998900000001,66.734289829773,17.1096093048774,59.1869903917518,40.1181367681622,67.2631760853171,54.0462150602883,40.3997230725783,2.19000299999999,1.41730170847451,285.390015,283.200012,0.764117938084707,0.69234685088637,23.2073443645689,23.2377048001186,38.6513018740399,54.0836622216811,0.711332921242303,23.0872186582229,1.02002000000005,39.0166503224801,-4.29807024163024,-3.11857973205495,-92.4081920304941,-99.5184654059195,-3.56642341840248,-88.7583922080494,39.0166503224801,-4.29807024163024,-3.11857973205495,-92.4081920304941,-99.5184654059195,-3.56642341840248,-88.7583922080494,1.75,6426,"B","H",FALSE,FALSE,FALSE,FALSE,FALSE,FALSE,FALSE,FALSE,FALSE,FALSE,FALSE,FALSE,FALSE,FALSE,FALSE,FALSE,FALSE,FALSE,FALSE,FALSE,FALSE,FALSE,FALSE,FALSE
"6427",421.146,10.85,-0.299987999999985,-0.000420183505365923,0.00288074745920737,0.0196820102297405,0.0194999678571429,10.93,11.27,11.64,12.19,-0.00731930466605673,-0.0372670807453416,-0.0678694158075602,-0.0800000000000001,-0.34,-0.370000000000001,-0.119996000000015,0.939972000000012,1.040009,-1.47000099999997,-1.05999800000001,5.459991,66.1952943904626,17.5098112962977,58.1630985287264,41.4070626082025,66.7545243736066,55.2268205439199,48.0006510785089,0.150025000000028,1.32678194358348,285.390015,285.23999,0.793107426347217,0.71249896597854,22.7017788718887,23.2062420826384,40.1181367681622,54.0462150602883,0.764117938084707,23.2073443645689,-0.100006000000008,38.6547679935397,-4.89463205702648,-3.47379019704926,-98.0007793232342,-97.465056816996,-4.29807024163024,-92.4081920304941,38.6547679935397,-4.89463205702648,-3.47379019704926,-98.0007793232342,-97.465056816996,-4.29807024163024,-92.4081920304941,0,6427,"C","H",FALSE,FALSE,FALSE,FALSE,FALSE,FALSE,FALSE,FALSE,FALSE,FALSE,FALSE,FALSE,FALSE,FALSE,FALSE,FALSE,FALSE,FALSE,FALSE,FALSE,FALSE,FALSE,FALSE,FALSE
"6428",356.524,11.27,-0.0199890000000096,-0.00136615992536771,-0.0017857693928673,0.0132940680795608,0.0192720757111859,10.85,10.93,11.27,11.64,0.0387096774193548,0.0311070448307411,0,0.42,-0.0800000000000001,-0.34,-0.389984000000027,-0.119996000000015,0.939972000000012,1.379975,-0.320006999999976,5.39001399999995,64.7906303488405,16.9306745006462,58.5648454051758,42.632618522272,65.0332762610236,58.3991328359016,43.6762358871998,0.589996999999983,1.27415444761323,285.529999,284.940002,0.79559007098593,0.729117186980018,22.595684760243,23.0628471587247,41.4070626082025,55.2268205439199,0.793107426347217,22.7017788718887,0.0599970000000098,41.7114123719597,-5.04335416019122,-3.78770298967765,-103.517035436476,-95.9723027174228,-4.89463205702648,-98.0007793232342,41.7114123719597,-5.04335416019122,-3.78770298967765,-103.517035436476,-95.9723027174228,-4.89463205702648,-98.0007793232342,0.13998399999997,6428,"D","H",FALSE,TRUE,FALSE,FALSE,FALSE,FALSE,FALSE,FALSE,FALSE,FALSE,FALSE,FALSE,FALSE,FALSE,FALSE,FALSE,FALSE,FALSE,FALSE,FALSE,FALSE,FALSE,FALSE,FALSE
"6429",770.76,13.16,-2.56002799999999,-0.00670011910442743,-0.00805712559557948,0.00818920146278588,0.0105638539373082,11.27,10.85,10.93,11.27,0.167701863354037,0.212903225806452,0.204025617566331,1.89,0.42,-0.0800000000000001,-1.91000299999996,-0.389984000000027,-0.119996000000015,-0.470002000000022,0.520018999999991,2.959992,61.5926941122795,27.0569046945837,38.9576375781884,42.3701198834089,57.2476685263373,50.56196745607,32.5698520717371,0.860014999999976,1.24457305849799,284.920013,284.059998,0.734544663680659,0.730202682320146,22.605106367071,22.9176672450178,42.632618522272,58.3991328359016,0.79559007098593,22.595684760243,-1.91000300000002,53.0486948443602,-3.85424559063257,-3.80101150986863,-101.231045404608,-94.8585200767761,-5.04335416019122,-103.517035436476,53.0486948443602,-3.85424559063257,-3.80101150986863,-101.231045404608,-94.8585200767761,-5.04335416019122,-103.517035436476,-2.07998699999996,6429,"E","H",FALSE,FALSE,FALSE,FALSE,FALSE,FALSE,FALSE,FALSE,FALSE,TRUE,FALSE,FALSE,FALSE,FALSE,FALSE,FALSE,FALSE,FALSE,FALSE,FALSE,FALSE,FALSE,FALSE,FALSE
"6430",656.869,14.78,-0.589995999999985,-0.00374345947530078,-0.0104184969553811,-0.0010269803626024,0.00174006969248627,13.16,11.27,10.85,10.93,0.123100303951368,0.311446317657498,0.36221198156682,1.62,1.89,0.42,-1.05999800000001,-1.91000299999996,-0.389984000000027,1.53003000000001,1.40997299999998,0.490021000000013,57.7539418415489,25.3198008686156,39.0425902515223,42.132439195417,53.4250784045487,42.4404595886538,28.9985279499145,1.11001600000003,1.23496184003385,283.470001,282.359985,0.648464062885346,0.713854958433186,22.850089847813,22.8425845104406,42.3701198834089,50.56196745607,0.734544663680659,22.605106367071,0.100006000000008,60.19527064262,-1.8421010545934,-3.40922941881359,-96.4467461810071,-94.0790008325409,-3.85424559063257,-101.231045404608,60.19527064262,-1.8421010545934,-3.40922941881359,-96.4467461810071,-94.0790008325409,-3.85424559063257,-101.231045404608,0.0199890000000096,6430,"A","H",FALSE,FALSE,FALSE,FALSE,FALSE,FALSE,FALSE,FALSE,FALSE,FALSE,FALSE,FALSE,FALSE,FALSE,FALSE,FALSE,FALSE,TRUE,FALSE,FALSE,FALSE,FALSE,FALSE,FALSE
"6431",438.42,13.31,0.710021999999981,0.00638067338431742,0.00261332811677732,0.00105778559116104,-0.000387366628380563,14.78,13.16,11.27,10.85,-0.0994587280108254,0.0113981762917933,0.181011535048802,-1.47,1.62,1.89,1.79998799999998,-1.05999800000001,-1.91000299999996,1.209991,2.40002500000003,-0.11001600000003,53.8934221272315,23.6273174242117,39.0425902515223,41.9117356994245,58.4934225896971,39.8591419784409,16.3029321010469,1.15002399999997,1.22889485146001,282.920013,281.769989,0.624395347348194,0.695963036216188,23.1015210329346,22.8556155500057,42.132439195417,42.4404595886538,0.648464062885346,22.850089847813,0.0100089999999682,52.4009776326283,-1.1995661549013,-2.96729676603113,-91.1360364952129,-93.9101835695501,-1.8421010545934,-96.4467461810071,52.4009776326283,-1.1995661549013,-2.96729676603113,-91.1360364952129,-93.9101835695501,-1.8421010545934,-96.4467461810071,-0.549988000000042,6431,"B","H",FALSE,FALSE,FALSE,FALSE,FALSE,FALSE,FALSE,FALSE,FALSE,FALSE,FALSE,FALSE,FALSE,FALSE,FALSE,FALSE,FALSE,FALSE,FALSE,FALSE,FALSE,FALSE,FALSE,FALSE
"6432",1029.254,14.64,-2.32000699999998,-0.007467400650949,-0.00113437431121512,-0.0100478353333421,-0.0055057422955565,13.31,14.78,13.16,11.27,0.0999248685199098,-0.00947225981055472,0.112462006079027,1.33,-1.47,1.62,-2.11999500000002,1.79998799999998,-1.05999800000001,1.040009,-0.670014000000037,-1.55999700000001,53.8934221272315,33.8303810083708,22.8706923340378,40.5516611733255,51.3989785736033,37.7199479305515,-20.9186880694593,0,1.14111664778429,282.480011,282.480011,0.538634568358343,0.664497342644619,22.2581552852931,22.796839543792,41.9117356994245,39.8591419784409,0.624395347348194,23.1015210329346,-1.63000399999999,57.7334667114973,0.141128882292874,-2.34561163636633,-77.308333395326,-92.6384684503927,-1.1995661549013,-91.1360364952129,57.7334667114973,0.141128882292874,-2.34561163636633,-77.308333395326,-92.6384684503927,-1.1995661549013,-91.1360364952129,-0.540008,6432,"C","H",FALSE,FALSE,FALSE,FALSE,TRUE,FALSE,FALSE,FALSE,FALSE,FALSE,FALSE,FALSE,FALSE,FALSE,FALSE,FALSE,FALSE,FALSE,FALSE,FALSE,FALSE,FALSE,FALSE,FALSE
"6433",699.679,13.45,3.19998099999998,0.00809141531723844,0.000563592826282395,-0.00532246329992308,0.00938094264106236,14.64,13.31,14.78,13.16,-0.0812841530054646,0.010518407212622,-0.0899864682002706,-1.19,1.33,-1.47,2.27999900000003,-2.11999500000002,1.79998799999998,0.939972000000012,-1.919983,2.63998500000002,49.8758712704705,27.7660330472685,28.47668204108,39.6891626638794,57.3852424577386,46.5343522624396,1.37213606444097,3.23998999999998,1.29103617294255,283.399994,280.160004,0.529611315882783,0.637520137292252,22.0410741057075,22.7164414770824,40.5516611733255,37.7199479305515,0.538634568358343,22.2581552852931,2.5,52.1084934458123,0.44396043407029,-1.78769722227901,-66.7705639485011,-90.6196804914336,0.141128882292874,-77.308333395326,52.1084934458123,0.44396043407029,-1.78769722227901,-66.7705639485011,-90.6196804914336,0.141128882292874,-77.308333395326,1.01998900000001,6433,"D","H",FALSE,FALSE,FALSE,FALSE,FALSE,FALSE,FALSE,FALSE,FALSE,FALSE,FALSE,FALSE,FALSE,FALSE,TRUE,FALSE,FALSE,FALSE,FALSE,FALSE,FALSE,FALSE,FALSE,FALSE
"6434",656.185,12.64,0.0100100000000225,0.00352038304245852,0.0116402832409693,-0.00140122263228123,0.0182532087192766,13.45,14.64,13.31,14.78,-0.0602230483271375,-0.136612021857923,-0.0503380916604057,-0.809999999999999,-1.19,1.33,1,2.27999900000003,-2.11999500000002,-0.119996000000015,-1.47000099999997,5.10998599999999,51.0094135783453,27.0096582795399,30.7613955502083,39.0514650129029,59.7281852671307,54.3654656889722,5.51506726441444,0.470002000000022,1.23239087487523,283.829987,283.359985,0.544631007431651,0.618942311320131,22.2803072162964,22.6267846502017,39.6891626638794,46.5343522624396,0.529611315882783,22.0410741057075,0.51998900000001,48.6350149019119,0.178294025881387,-1.39449897264693,-64.4389678169022,-87.9175222257506,0.44396043407029,-66.7705639485011,48.6350149019119,0.178294025881387,-1.39449897264693,-64.4389678169022,-87.9175222257506,0.44396043407029,-66.7705639485011,0.429993000000024,6434,"E","H",FALSE,FALSE,FALSE,FALSE,FALSE,FALSE,FALSE,FALSE,FALSE,FALSE,FALSE,FALSE,FALSE,FALSE,FALSE,FALSE,FALSE,FALSE,FALSE,FALSE,FALSE,FALSE,TRUE,FALSE
"6435",398.075,12.49,1.69000299999999,0.00213995300736646,0.00566786950410376,0.00210476719846577,0.0154268161964546,12.64,13.45,14.64,13.31,-0.011867088607595,-0.0713754646840148,-0.146857923497268,-0.15,-0.809999999999999,-1.19,0.610014999999976,1,2.27999900000003,-0.389984000000027,1.379975,4.34002599999997,54.400026685292,23.7485163099969,39.2221136830957,39.0636542036309,61.1320288938484,52.7651759049107,19.2322378307601,2.20001199999996,1.301506669527,285.570007,283.369995,0.56726461957588,0.608606772971281,22.5142951335325,22.5497791800865,39.0514650129029,54.3654656889722,0.544631007431651,22.2803072162964,0.410003000000017,47.9969560726976,-0.125331757445546,-1.14066552960665,-64.1575322135864,-84.778560023872,0.178294025881387,-64.4389678169022,47.9969560726976,-0.125331757445546,-1.14066552960665,-64.1575322135864,-84.778560023872,0.178294025881387,-64.4389678169022,1.74001999999996,6435,"A","H",FALSE,FALSE,FALSE,FALSE,FALSE,FALSE,FALSE,FALSE,FALSE,FALSE,FALSE,FALSE,FALSE,FALSE,FALSE,FALSE,FALSE,FALSE,FALSE,FALSE,FALSE,FALSE,FALSE,FALSE
"6436",672.72,12.86,0.649992999999995,0.00234530391539557,0.00449027576292896,0.0112303713627578,0.0195115405991352,12.49,12.64,13.45,14.64,0.0296236989591673,0.0174050632911391,-0.0438661710037175,0.369999999999999,-0.15,-0.809999999999999,0.669983000000002,0.610014999999976,1,-1.91000299999996,-0.470002000000022,5.48001099999999,54.5802162797558,22.1879738610168,42.1948757152411,39.2873128830317,62.6711408226335,60.1922712920318,34.6757291101947,1.19000199999999,1.29354205027507,286.25,285.059998,0.597243638631428,0.606334146103311,22.4284736799215,22.5194119365346,39.0636542036309,52.7651759049107,0.56726461957588,22.5142951335325,1.33999699999998,49.7482459728554,-0.133451692961728,-0.939222762277667,-54.4610911966263,-79.9408168986933,-0.125331757445546,-64.1575322135864,49.7482459728554,-0.133451692961728,-0.939222762277667,-54.4610911966263,-79.9408168986933,-0.125331757445546,-64.1575322135864,0.679993000000024,6436,"B","H",FALSE,FALSE,FALSE,FALSE,FALSE,FALSE,FALSE,FALSE,FALSE,FALSE,FALSE,FALSE,FALSE,FALSE,FALSE,FALSE,FALSE,FALSE,FALSE,FALSE,FALSE,FALSE,FALSE,FALSE
"6437",449.933,12.25,-0.130003999999985,-0.000593640435756666,0.00175027121240058,0.0144275324829308,0.0133857353277876,12.86,12.49,12.64,13.45,-0.0474339035769828,-0.0192153722978383,-0.0308544303797469,-0.609999999999999,0.369999999999999,-0.15,-0.169983000000002,0.669983000000002,0.610014999999976,-1.05999800000001,1.53003000000001,3.77999799999998,54.0339212276048,25.2037722180778,36.3843869701861,39.0799610321141,62.0003320426492,53.5767353315224,40.9494401732167,0.170013999999981,1.21329004668399,285.880005,285.709991,0.609021438521973,0.606871604587043,22.1440599919915,22.4692314067289,39.2873128830317,60.1922712920318,0.597243638631428,22.4284736799215,-0.549987999999985,46.9415248364436,-0.517389404216484,-0.85485609066543,-46.937009330168,-73.6541473313257,-0.133451692961728,-54.4610911966263,46.9415248364436,-0.517389404216484,-0.85485609066543,-46.937009330168,-73.6541473313257,-0.133451692961728,-54.4610911966263,-0.369995000000017,6437,"C","H",FALSE,FALSE,FALSE,FALSE,FALSE,FALSE,FALSE,FALSE,FALSE,FALSE,FALSE,FALSE,FALSE,FALSE,FALSE,FALSE,FALSE,FALSE,FALSE,FALSE,FALSE,FALSE,FALSE,FALSE
"6438",492.049,12.41,-0.149993999999992,-0.00132789594554753,-0.00192074808857645,0.00665732666412105,0.00772215427950305,12.25,12.86,12.49,12.64,0.0130612244897959,-0.0349922239502332,-0.00640512409927943,0.16,-0.609999999999999,0.369999999999999,-0.380003999999985,-0.169983000000002,0.669983000000002,1.79998799999998,1.209991,2.19000299999999,53.2868726188823,24.5955958266365,36.8391980440581,38.9199065329673,60.4427787273995,47.0342833173864,32.991364503853,0.390014000000008,1.15448461477799,285.970001,285.579987,0.600562222217427,0.60560972811312,21.6338530239881,22.3613143686085,39.0799610321141,53.5767353315224,0.609021438521973,22.1440599919915,0.17999199999997,47.77383360739,-0.714424229135058,-0.826769718359356,-37.3397090851749,-66.5551099624998,-0.517389404216484,-46.937009330168,47.77383360739,-0.714424229135058,-0.826769718359356,-37.3397090851749,-66.5551099624998,-0.517389404216484,-46.937009330168,0.0899960000000419,6438,"D","H",FALSE,FALSE,FALSE,FALSE,FALSE,FALSE,FALSE,FALSE,FALSE,FALSE,FALSE,FALSE,FALSE,FALSE,FALSE,FALSE,FALSE,FALSE,FALSE,FALSE,FALSE,FALSE,FALSE,FALSE
"6439",574.874,11.99,0.950011999999958,0.00601840843218569,0.00468252066648241,0.0203350522405249,0.0100828936507751,12.41,12.25,12.86,12.49,-0.0338436744560838,-0.0212244897959184,-0.067651632970451,-0.42,0.16,-0.609999999999999,1.72000100000002,-0.380003999999985,-0.169983000000002,-2.11999500000002,1.040009,2.86999500000002,52.8611022750661,23.0447596455206,39.2806851475312,38.9456764340076,64.758279718157,48.2631283863801,52.7983514657192,1.01000899999997,1.14416492800813,286.440002,285.429993,0.635203715841626,0.611528525658821,21.8627778720065,22.2516130379634,38.9199065329673,47.0342833173864,0.600562222217427,21.6338530239881,0.73001099999999,45.745264351124,-1.12636353794033,-0.886688482275551,-37.3601362334359,-59.9899310794364,-0.714424229135058,-37.3397090851749,45.745264351124,-1.12636353794033,-0.886688482275551,-37.3601362334359,-59.9899310794364,-0.714424229135058,-37.3397090851749,0.470000999999968,6439,"E","H",FALSE,FALSE,FALSE,FALSE,FALSE,FALSE,FALSE,FALSE,FALSE,FALSE,FALSE,FALSE,FALSE,FALSE,FALSE,FALSE,FALSE,FALSE,FALSE,FALSE,FALSE,FALSE,FALSE,FALSE
"6440",570.724,12.16,2.29998800000004,0.00789533901793524,0.0139612648250414,0.0201365945232456,0.0147069549379872,11.99,12.41,12.25,12.86,0.0141784820683903,-0.0201450443190975,-0.00734693877551019,0.17,-0.42,0.16,2.26998899999995,1.72000100000002,-0.380003999999985,2.27999900000003,0.939972000000012,4.20001199999996,59.2517344481568,19.7515630073852,49.9981300945062,39.7351374097575,69.4891353573516,49.1954109413694,50.8270258486907,2.47998000000001,1.23958029029327,288.859985,286.380005,0.7183645314641,0.632895726819877,23.0524799887268,22.2461640330514,38.9456764340076,48.2631283863801,0.635203715841626,21.8627778720065,2.22998100000001,46.7312187336135,-1.33191087832113,-0.975732961484667,-46.4207152179114,-55.0215620486251,-1.12636353794033,-37.3601362334359,46.7312187336135,-1.33191087832113,-0.975732961484667,-46.4207152179114,-55.0215620486251,-1.12636353794033,-37.3601362334359,2.419983,6440,"A","H",FALSE,FALSE,FALSE,FALSE,FALSE,FALSE,FALSE,FALSE,FALSE,FALSE,FALSE,FALSE,FALSE,FALSE,FALSE,FALSE,FALSE,FALSE,FALSE,FALSE,FALSE,FALSE,FALSE,FALSE
"6441",469.435,12.5,0.720000999999968,0.000483173443588865,0.00838232727966571,0.0170490950470012,0.0156239828368802,12.16,11.99,12.41,12.25,0.0279605263157895,0.042535446205171,0.00725221595487509,0.34,0.17,-0.42,0.140014000000008,2.26998899999995,1.72000100000002,1,-0.119996000000015,4.46002199999998,61.9590383744115,17.9473191123369,55.0791209189751,40.8311362318444,69.7587938474584,54.6591642756626,51.855365801011,1.61999499999996,1.26675276955803,290.299988,288.679993,0.778862481017706,0.662089077659443,23.3349622178286,22.3658092477776,39.7351374097575,49.1954109413694,0.7183645314641,23.0524799887268,0.520018999999991,48.7376858955122,-1.26294728038384,-1.0331758252645,-36.625169266305,-50.5012104787339,-1.33191087832113,-46.4207152179114,48.7376858955122,-1.26294728038384,-1.0331758252645,-36.625169266305,-50.5012104787339,-1.33191087832113,-46.4207152179114,1.44000299999999,6441,"B","H",FALSE,FALSE,FALSE,FALSE,FALSE,FALSE,FALSE,FALSE,FALSE,FALSE,FALSE,FALSE,FALSE,FALSE,FALSE,FALSE,FALSE,FALSE,FALSE,FALSE,FALSE,FALSE,FALSE,FALSE
"6442",614.855,12.25,0.490021000000013,0.00538078756225776,0.0058665608595023,0.0203381444870099,0.0224857187448696,12.5,12.16,11.99,12.41,-0.02,0.00740131578947367,0.0216847372810675,-0.25,0.34,0.17,1.55999800000001,0.140014000000008,2.26998899999995,0.610014999999976,-0.389984000000027,6.41000400000001,59.2256946116163,17.1555671090511,55.079120918975,41.8488494237823,72.6582898856679,60.2995854172372,50.9530292935718,0.760010000000023,1.23055685744674,290.160004,289.399994,0.860442450892607,0.701759752306075,24.8959708048399,22.6830199921256,40.8311362318444,54.6591642756626,0.778862481017706,23.3349622178286,1.31997699999999,47.3261048052344,-1.35381281840662,-1.09730322389293,-37.8436511049393,-47.2871090516714,-1.26294728038384,-36.625169266305,47.3261048052344,-1.35381281840662,-1.09730322389293,-37.8436511049393,-47.2871090516714,-1.26294728038384,-36.625169266305,-0.13998399999997,6442,"C","H",FALSE,FALSE,FALSE,FALSE,FALSE,FALSE,FALSE,FALSE,FALSE,FALSE,FALSE,FALSE,FALSE,FALSE,FALSE,FALSE,FALSE,FALSE,FALSE,FALSE,FALSE,FALSE,FALSE,FALSE
"6443",612.295,13.53,-0.260010000000023,-0.00404838395590703,0.00131062011231354,0.0138296851830647,0.0252153690462583,12.25,12.5,12.16,11.99,0.104489795918367,0.0823999999999999,0.11266447368421,1.28,-0.25,0.34,-1.18002300000001,1.55999800000001,0.140014000000008,0.669983000000002,-1.91000299999996,7.13998399999997,60.1533288469838,16.098907081959,57.7745966768474,42.9864027990013,67.3944951051807,61.3234968879721,46.941138279375,1.04998699999999,1.21765901048626,290.940002,289.890015,0.881381484808119,0.737684098806484,25.2147610411586,23.0090704171103,41.8488494237823,60.2995854172372,0.860442450892607,24.8959708048399,-0.380004999999983,54.5795884556202,-0.597739352169457,-0.997390449548232,-21.6697328381401,-42.534971831809,-1.35381281840662,-37.8436511049393,54.5795884556202,-0.597739352169457,-0.997390449548232,-21.6697328381401,-42.534971831809,-1.35381281840662,-37.8436511049393,0.779997999999978,6443,"D","H",FALSE,FALSE,FALSE,TRUE,FALSE,FALSE,FALSE,FALSE,FALSE,FALSE,FALSE,FALSE,FALSE,FALSE,FALSE,FALSE,FALSE,FALSE,FALSE,FALSE,FALSE,FALSE,FALSE,FALSE
"6444",661.408,12.86,-0.339995999999985,3.44815722142658e-05,-0.00401404197833649,0.0144668721806293,0.0291031259318725,13.53,12.25,12.5,12.16,-0.049519586104952,0.0497959183673469,0.0288,-0.67,1.28,-0.25,0.0100100000000225,-1.18002300000001,1.55999800000001,-0.169983000000002,-1.05999800000001,8.209992,59.3657973220783,19.3170801740258,50.8988974761827,43.5515809902285,67.4160599165784,69.1795474244784,45.8528736423187,0.209991000000002,1.14568272402296,289.839996,289.630005,0.887808162316928,0.767708911508573,25.5309910065038,23.3442588474405,42.9864027990013,61.3234968879721,0.881381484808119,25.2147610411586,-0.549986999999987,50.6480422810313,-0.423459225841327,-0.882604204806851,-12.0757587395062,-36.7481081124667,-0.597739352169457,-21.6697328381401,50.6480422810313,-0.423459225841327,-0.882604204806851,-12.0757587395062,-36.7481081124667,-0.597739352169457,-21.6697328381401,-1.10000600000001,6444,"E","H",FALSE,FALSE,FALSE,FALSE,FALSE,FALSE,FALSE,FALSE,FALSE,FALSE,FALSE,TRUE,FALSE,FALSE,FALSE,FALSE,FALSE,FALSE,FALSE,FALSE,FALSE,FALSE,FALSE,FALSE
"6445",575.944,13.16,-0.610015999999973,-0.00172229686695117,-0.00168787468224069,0.0140662335050348,0.0208172036805327,12.86,13.53,12.25,12.5,0.0233281493001556,-0.0273466371027346,0.0742857142857143,0.300000000000001,-0.67,1.28,-0.5,0.0100100000000225,-1.18002300000001,-0.380003999999985,1.79998799999998,5.91000400000001,57.2516618875528,22.5142439215485,43.5492051568237,43.5514112878425,65.0999663052948,62.8599629331639,39.3747643718152,0.549986999999987,1.10313302944989,289.839996,289.290009,0.868720153363967,0.787911159879652,25.5898140104704,23.6955188841681,43.5515809902285,69.1795474244784,0.887808162316928,25.5309910065038,-0.600007000000005,52.3047260118881,-0.0943511551505627,-0.724953594875593,-3.90863368646398,-31.1311683891154,-0.423459225841327,-12.0757587395062,52.3047260118881,-0.0943511551505627,-0.724953594875593,-3.90863368646398,-31.1311683891154,-0.423459225841327,-12.0757587395062,0,6445,"B","I",FALSE,FALSE,FALSE,FALSE,FALSE,FALSE,FALSE,FALSE,FALSE,FALSE,FALSE,FALSE,FALSE,FALSE,FALSE,FALSE,FALSE,FALSE,FALSE,TRUE,FALSE,FALSE,FALSE,FALSE
"6446",724.524,13.91,-0.789978000000019,-0.00269141508361638,-0.00440907653480137,0.00528673419057636,0.0257292924470484,13.16,12.86,13.53,12.25,0.0569908814589666,0.0816485225505444,0.0280857354028086,0.75,0.300000000000001,-0.67,-0.779999000000032,-0.5,0.0100100000000225,1.72000100000002,-2.11999500000002,7.25,54.4784508916446,25.2056813194582,36.7360084874058,43.064596802097,61.5476398476834,65.0130056635618,27.9970739344714,0.73001099999999,1.07648145591775,289.410004,288.679993,0.822194335677651,0.794767795039252,25.0603589883045,24.0195521059807,43.5514112878425,62.8599629331639,0.868720153363967,25.5898140104704,-0.569975999999997,56.2580136545428,0.628119328515164,-0.454339010197442,9.52587423859254,-24.8575146592531,-0.0943511551505627,-3.90863368646398,56.2580136545428,0.628119328515164,-0.454339010197442,9.52587423859254,-24.8575146592531,-0.0943511551505627,-3.90863368646398,-0.42999199999997,6446,"C","I",FALSE,FALSE,FALSE,FALSE,FALSE,FALSE,FALSE,FALSE,FALSE,FALSE,FALSE,FALSE,FALSE,FALSE,FALSE,FALSE,FALSE,FALSE,FALSE,FALSE,FALSE,FALSE,FALSE,FALSE
"6447",659.099,14.65,-0.890015000000005,-0.00301005087018652,-0.00569336465748843,-0.00559043069083578,0.0144335915963782,13.91,13.16,12.86,13.53,0.0531991373112869,0.11322188449848,0.139191290824261,0.74,0.75,0.300000000000001,-0.86999499999996,-0.779999000000032,-0.5,2.26998899999995,2.27999900000003,4.10000600000001,49.9786060351002,24.1072240105143,34.9208236023771,42.4828987164027,57.7616528928213,56.781351222629,-4.79469125131652,1.25997899999999,1.0895884233522,289.149994,287.890015,0.752272922719777,0.786268820575357,24.569913731532,24.3457810734856,43.064596802097,65.0130056635618,0.822194335677651,25.0603589883045,-0.150025000000028,59.7986314244514,1.62888777947352,-0.0376936522632496,27.9243083182805,-17.6059571699803,0.628119328515164,9.52587423859254,59.7986314244514,1.62888777947352,-0.0376936522632496,27.9243083182805,-17.6059571699803,0.628119328515164,9.52587423859254,-0.260010000000023,6447,"D","I",FALSE,FALSE,FALSE,FALSE,FALSE,FALSE,FALSE,FALSE,FALSE,FALSE,FALSE,FALSE,FALSE,FALSE,FALSE,FALSE,FALSE,FALSE,FALSE,FALSE,FALSE,FALSE,FALSE,FALSE
"6448",735.248,14.88,-0.290008999999998,-0.00194335782977018,-0.00494755909403012,-0.00800223129129059,0.00891043295383732,14.65,13.91,13.16,12.86,0.0156996587030717,0.0697340043134436,0.130699088145897,0.23,0.74,0.75,-0.559998000000007,-0.86999499999996,-0.779999000000032,0.140014000000008,1,2.540008,49.9786060351002,29.6843334179894,25.475174223343,41.2680612526127,55.3993959114731,48.3012035973569,-22.8814455108191,0,1.01176067882704,287,287,0.673421743261571,0.763699405112599,23.9726042119853,24.5802062223721,42.4828987164027,56.781351222629,0.752272922719777,24.569913731532,-0.789977999999962,60.8590865616747,2.51358216454318,0.472561511098037,46.3974008584289,-8.29956415977306,1.62888777947352,27.9243083182805,60.8590865616747,2.51358216454318,0.472561511098037,46.3974008584289,-8.29956415977306,1.62888777947352,27.9243083182805,-2.169983,6448,"E","I",FALSE,FALSE,FALSE,FALSE,FALSE,FALSE,FALSE,FALSE,FALSE,FALSE,FALSE,FALSE,FALSE,FALSE,FALSE,FALSE,FALSE,FALSE,FALSE,FALSE,FALSE,FALSE,FALSE,FALSE
"6449",502.109,14.16,1.17001399999998,0.00173852569391115,-0.000208210713378555,-0.0115960095802246,0.00850629358846994,14.88,14.65,13.91,13.16,-0.0483870967741936,-0.0334470989761092,0.0179726815240834,-0.720000000000001,0.23,0.74,0.5,-0.559998000000007,-0.86999499999996,1.55999800000001,0.610014999999976,2.42999300000002,54.8881713686354,25.7154463492232,36.1928234059259,40.9055442635637,57.0869029739421,48.9676444249389,-9.89157439291026,2.02999899999998,1.08449198748225,288.73999,286.709991,0.617823802578932,0.734524284605866,23.3637207881521,24.6147885334193,41.2680612526127,48.3012035973569,0.673421743261571,23.9726042119853,0.339996999999983,55.888966449472,2.73823412331564,0.925696033541558,59.0782045967602,3.42253804185712,2.51358216454318,46.3974008584289,55.888966449472,2.73823412331564,0.925696033541558,59.0782045967602,3.42253804185712,2.51358216454318,46.3974008584289,1.75997899999999,6449,"A","I",FALSE,FALSE,FALSE,FALSE,FALSE,FALSE,FALSE,FALSE,FALSE,FALSE,FALSE,FALSE,FALSE,FALSE,FALSE,FALSE,FALSE,FALSE,FALSE,FALSE,FALSE,FALSE,FALSE,FALSE
"6450",505.305,13.22,-0.899993999999992,0.00329740361060589,0.00504166192541727,-0.0043058906361374,0.00946424543499679,14.16,14.88,14.65,13.91,-0.0663841807909604,-0.111559139784946,-0.0976109215017065,-0.94,-0.720000000000001,0.23,0.949981999999977,0.5,-0.559998000000007,-1.18002300000001,0.669983000000002,2.709992,54.8881713686354,25.7154463492232,36.1928234059259,40.568921345161,60.1703823695686,47.9578980836305,-25.0595821156476,0,1.00702827409066,287.880005,287.880005,0.593519242308149,0.706323276146323,22.7596842908236,24.5508687637521,40.9055442635637,48.9676444249389,0.617823802578932,23.3637207881521,0.509978999999987,50.1326797684255,2.32634080353746,1.20582498754074,61.3182209093438,14.3051369502625,2.73823412331564,59.0782045967602,50.1326797684255,2.32634080353746,1.20582498754074,61.3182209093438,14.3051369502625,2.73823412331564,59.0782045967602,-1.36999499999996,6450,"B","I",TRUE,FALSE,FALSE,FALSE,FALSE,FALSE,FALSE,FALSE,FALSE,FALSE,FALSE,FALSE,FALSE,FALSE,FALSE,FALSE,FALSE,FALSE,FALSE,FALSE,FALSE,FALSE,FALSE,FALSE
"6451",598.108,13.14,1.25,0.000242196861810741,0.00354039909322324,-0.00409907687712495,0.0103084944822644,13.22,14.16,14.88,14.65,-0.00605143721633889,-0.0720338983050847,-0.116935483870968,-0.0800000000000001,-0.94,-0.720000000000001,0.0700070000000323,0.949981999999977,0.5,0.0100100000000225,-0.169983000000002,2.94998200000003,58.5024575466506,22.1898683342318,45.0012920262371,40.8855192509521,60.3962211878448,54.2865501472217,0.644438766810375,2.07998700000002,1.08366818308419,289.059998,286.980011,0.569622514352575,0.678983123787573,22.0844081852342,24.2384729171293,40.568921345161,47.9578980836305,0.593519242308149,22.7596842908236,0.25,49.6638624505866,1.92969195916426,1.35059838186544,60.7644610851034,25.2615938602673,2.32634080353746,61.3182209093438,49.6638624505866,1.92969195916426,1.35059838186544,60.7644610851034,25.2615938602673,2.32634080353746,61.3182209093438,1.69000299999999,6451,"C","I",FALSE,FALSE,FALSE,FALSE,FALSE,FALSE,FALSE,FALSE,TRUE,FALSE,FALSE,FALSE,FALSE,FALSE,FALSE,FALSE,FALSE,FALSE,FALSE,FALSE,FALSE,FALSE,FALSE,FALSE
"6452",510.342,12.37,1.76998900000001,0.00591447160200732,0.00615810093027934,0.00351950935798981,0.0176352491034773,13.14,13.22,14.16,14.88,-0.0585996955859971,-0.0642965204236007,-0.126412429378531,-0.770000000000001,-0.0800000000000001,-0.94,1.709992,0.0700070000000323,0.949981999999977,-0.5,-0.380003999999985,5.03997800000002,58.7330837667523,19.3231575799068,50.4891415560485,41.5714922727447,65.536525285944,60.2806222000688,21.3824068607067,2.08999599999999,1.15554874143532,290.320007,288.230011,0.591647138194107,0.66151592666888,21.512435588313,23.8271034223686,40.8855192509521,54.2865501472217,0.569622514352575,22.0844081852342,1.24002100000001,45.2752336590742,1.13624322937518,1.30772735136739,58.700375101269,34.191605853535,1.92969195916426,60.7644610851034,45.2752336590742,1.13624322937518,1.30772735136739,58.700375101269,34.191605853535,1.92969195916426,60.7644610851034,1.26000899999997,6452,"D","I",FALSE,FALSE,FALSE,FALSE,FALSE,FALSE,FALSE,FALSE,FALSE,FALSE,FALSE,FALSE,FALSE,FALSE,FALSE,FALSE,TRUE,FALSE,FALSE,FALSE,FALSE,FALSE,FALSE,FALSE
"6453",550.799,12.07,0,0.000171983640737727,0.00608747243510421,0.00640074042971577,0.0117213136335669,12.37,13.14,13.22,14.16,-0.0242522231204526,-0.0814307458143075,-0.0869894099848714,-0.299999999999999,-0.770000000000001,-0.0800000000000001,0.0500179999999659,1.709992,0.0700070000000323,-0.779999000000032,1.72000100000002,3.36999499999996,59.4632201029819,18.0495385815926,53.4282126248603,42.4184008693244,65.6768571071537,60.1968033413381,24.2197618138396,1.05999800000001,1.14872368847565,291.059998,290,0.603427173252258,0.649898175985555,21.3715997072398,23.3649488335615,41.5714922727447,60.2806222000688,0.591647138194107,21.512435588313,0.229980000000012,43.6565823512489,0.314319955383846,1.10904587217068,47.0108335135095,40.7567827705367,1.13624322937518,58.700375101269,43.6565823512489,0.314319955383846,1.10904587217068,47.0108335135095,40.7567827705367,1.13624322937518,58.700375101269,0.739991000000032,6453,"E","I",FALSE,FALSE,FALSE,FALSE,FALSE,FALSE,FALSE,FALSE,FALSE,FALSE,FALSE,FALSE,FALSE,FALSE,FALSE,FALSE,FALSE,FALSE,FALSE,FALSE,FALSE,FALSE,FALSE,FALSE
"6454",682.44,13.68,-0.970001000000025,-0.00529431027753179,-0.00512323717155079,0.00409491943233028,-0.0015184036217765,12.07,12.37,13.14,13.22,0.133388566694283,0.105901374292644,0.0410958904109588,1.61,-0.299999999999999,-0.770000000000001,-1.540009,0.0500179999999659,1.709992,-0.86999499999996,2.26998899999995,-0.44000299999999,56.3680018991082,19.7126479517943,48.1796015401399,42.8299152029541,57.864359939676,52.6042267824392,17.3272471082161,0.820006999999976,1.1252439250131,290.820007,290,0.563207708627944,0.632560082514033,20.3187800912157,22.7792783980888,42.4184008693244,60.1968033413381,0.603427173252258,21.3715997072398,-0.410004000000015,53.3049298910317,0.642547481711619,1.01574619407887,54.6622762439485,47.2646616516936,0.314319955383846,47.0108335135095,53.3049298910317,0.642547481711619,1.01574619407887,54.6622762439485,47.2646616516936,0.314319955383846,47.0108335135095,-0.239991000000032,6454,"A","I",FALSE,FALSE,FALSE,FALSE,FALSE,FALSE,FALSE,FALSE,FALSE,FALSE,FALSE,FALSE,FALSE,FALSE,FALSE,FALSE,FALSE,FALSE,FALSE,FALSE,FALSE,FALSE,FALSE,FALSE
"6455",619.304,12.79,0.51998900000001,0.00542616997893381,0.000103131873914923,0.011509033139589,0.00341470390317633,13.68,12.07,12.37,13.14,-0.0650584795321638,0.0596520298260148,0.0339531123686338,-0.890000000000001,1.61,-0.299999999999999,1.57000800000003,-1.540009,0.0500179999999659,-0.559998000000007,0.140014000000008,0.989991000000032,54.3254798398072,18.998350532474,48.1796015401399,43.2120356556102,62.7315879264192,53.4474866844121,21.7635107674873,0.549988000000042,1.0841542160836,289.579987,289.029999,0.568573420268215,0.619762750064869,19.3592031542214,22.1458166387462,42.8299152029541,52.6042267824392,0.563207708627944,20.3187800912157,0.720002000000022,48.373569925517,0.352148614677761,0.883026678198647,58.0516782284622,52.656417650568,0.642547481711619,54.6622762439485,48.373569925517,0.352148614677761,0.883026678198647,58.0516782284622,52.656417650568,0.642547481711619,54.6622762439485,-1.24001999999996,6455,"B","I",FALSE,FALSE,FALSE,FALSE,FALSE,FALSE,FALSE,FALSE,FALSE,FALSE,FALSE,FALSE,FALSE,FALSE,FALSE,FALSE,FALSE,FALSE,FALSE,FALSE,FALSE,FALSE,FALSE,FALSE
"6456",490.806,11.75,1.27999900000003,0.00106561134281243,0.00649756351002383,0.0108295554842856,-0.000892033725084379,12.79,13.68,12.07,12.37,-0.0813135261923377,-0.141081871345029,-0.0265120132560067,-1.04,-0.890000000000001,1.61,0.30999700000001,1.57000800000003,-1.540009,0.5,1.55999800000001,-0.260009999999966,58.31274562469,17.2594132006585,54.3233554024942,44.0057013518162,63.6250473619454,52.7552862439988,26.1288283852391,1.42001300000004,1.10814412922049,290.970001,289.549988,0.57476575755353,0.610763351562602,18.8570431135922,21.5110532367529,43.2120356556102,53.4474866844121,0.568573420268215,19.3592031542214,0.110014999999976,43.3291886861137,-0.518355528265213,0.602750236905875,44.492489643637,54.4973266867188,0.352148614677761,58.0516782284622,43.3291886861137,-0.518355528265213,0.602750236905875,44.492489643637,54.4973266867188,0.352148614677761,58.0516782284622,1.39001400000001,6456,"C","I",FALSE,FALSE,FALSE,FALSE,FALSE,FALSE,FALSE,FALSE,FALSE,FALSE,FALSE,FALSE,FALSE,FALSE,FALSE,FALSE,FALSE,FALSE,FALSE,FALSE,FALSE,FALSE,FALSE,FALSE
"6457",1003.606,11.8,0.410002999999961,0.0081037909205968,0.009178037754934,0.0156720262517362,0.0112986535845121,11.75,12.79,13.68,12.07,0.00425531914893623,-0.0774042220484753,-0.137426900584795,0.0500000000000007,-1.04,-0.890000000000001,2.35998599999999,0.30999700000001,1.57000800000003,0.949981999999977,-1.18002300000001,3.27999900000003,62.1024638207946,15.3329078620409,60.3981810151507,45.1765927563401,69.6001113747657,61.8658044278029,31.9457907969406,1.81002799999999,1.15827869141902,292.640015,290.829987,0.637904915197418,0.616191664289565,18.9315762984825,20.9509390241415,44.0057013518162,52.7552862439988,0.57476575755353,18.8570431135922,2.25,43.6335167832848,-1.1737705697198,0.24744607558074,31.556408929403,52.8483275834937,-0.518355528265213,44.492489643637,43.6335167832848,-1.1737705697198,0.24744607558074,31.556408929403,52.8483275834937,-0.518355528265213,44.492489643637,1.67001399999998,6457,"D","I",FALSE,FALSE,FALSE,FALSE,FALSE,FALSE,FALSE,FALSE,FALSE,FALSE,FALSE,FALSE,FALSE,FALSE,FALSE,FALSE,FALSE,FALSE,FALSE,FALSE,FALSE,FALSE,FALSE,FALSE
"6458",1054.797,11.68,0.57000800000003,-0.0054158902868268,0.00264401139123666,0.00992665692319191,0.00578688991620595,11.8,11.75,12.79,13.68,-0.0101694915254238,-0.00595744680851066,-0.0867865519937451,-0.120000000000001,0.0500000000000007,-1.04,-1.58999700000004,2.35998599999999,0.30999700000001,0.0700070000000323,0.0100100000000225,1.67999199999997,55.3073105345617,17.9136439597864,51.0696245808456,45.5975236009477,62.1883607797837,51.9987320980794,30.1958038755357,1.85000600000001,1.20768778488909,293.089996,291.23999,0.636199726119502,0.620193276655552,18.9433662218611,20.4597885167758,45.1765927563401,61.8658044278029,0.637904915197418,18.9315762984825,-0.720000999999968,43.0361894935078,-1.75764095051921,-0.15357132963925,11.8227827502179,47.5977251561001,-1.1737705697198,31.556408929403,43.0361894935078,-1.75764095051921,-0.15357132963925,11.8227827502179,47.5977251561001,-1.1737705697198,31.556408929403,0.44998099999998,6458,"E","I",FALSE,FALSE,FALSE,FALSE,FALSE,FALSE,FALSE,FALSE,FALSE,FALSE,FALSE,FALSE,FALSE,FALSE,FALSE,FALSE,FALSE,FALSE,FALSE,FALSE,FALSE,FALSE,FALSE,FALSE
"6459",534.096,12.2,-1.44000299999999,-0.00332203511497078,-0.00871993362408592,0.000653309522721234,0.00417511820968993,11.68,11.8,11.75,12.79,0.0445205479452054,0.0338983050847456,0.0382978723404255,0.52,-0.120000000000001,0.0500000000000007,-0.970000999999968,-1.58999700000004,2.35998599999999,1.709992,-0.5,1.209991,54.2364035540229,28.3101173057166,31.4080908296055,44.5839926887089,58.1219469254818,52.2230391214613,12.2746700995572,0.309998000000007,1.14356708596844,291.809998,291.5,0.600913505644129,0.616337322453268,18.4409403488683,19.9799280787808,45.5975236009477,51.9987320980794,0.636199726119502,18.9433662218611,-1.72000100000002,46.456797169068,-1.87122412300058,-0.497101888311516,1.64846282607952,40.9677520357374,-1.75764095051921,11.8227827502179,46.456797169068,-1.87122412300058,-0.497101888311516,1.64846282607952,40.9677520357374,-1.75764095051921,11.8227827502179,-1.75,6459,"A","I",FALSE,FALSE,FALSE,FALSE,FALSE,FALSE,FALSE,FALSE,FALSE,FALSE,FALSE,FALSE,FALSE,FALSE,FALSE,FALSE,FALSE,FALSE,FALSE,FALSE,FALSE,FALSE,FALSE,FALSE
"6460",443.7,12.42,0.110015999999973,-0.000927733524173865,-0.00424668667580001,-0.000446936873505564,0.00595094282929443,12.2,11.68,11.8,11.75,0.018032786885246,0.0633561643835617,0.0525423728813559,0.220000000000001,0.52,-0.120000000000001,-0.26998900000001,-0.970000999999968,-1.58999700000004,0.0500179999999659,-0.779999000000032,1.72000100000002,51.4962865902084,26.2610047007119,32.4539107144067,43.7175582619731,57.0046431407688,53.8497151461227,15.4109412202526,1.16000399999996,1.14474115125641,291.529999,290.369995,0.558992345592069,0.604868327081028,17.6305794828171,19.4850582229566,44.5839926887089,52.2230391214613,0.600913505644129,18.4409403488683,0.149993999999992,47.8827007370548,-1.80008217287173,-0.757697945223559,-3.8804973015695,33.7849788816626,-1.87122412300058,1.64846282607952,47.8827007370548,-1.80008217287173,-0.757697945223559,-3.8804973015695,33.7849788816626,-1.87122412300058,1.64846282607952,0.19000299999999,6460,"B","I",FALSE,FALSE,FALSE,FALSE,FALSE,FALSE,FALSE,FALSE,FALSE,FALSE,FALSE,FALSE,FALSE,FALSE,FALSE,FALSE,FALSE,FALSE,FALSE,FALSE,FALSE,FALSE,FALSE,FALSE
"6461",797.397,12.89,-1.07000699999998,-0.00299224419604477,-0.00391720171496545,0.00186634757539707,0.00596890955068132,12.42,12.2,11.68,11.8,0.0378421900161031,0.0565573770491804,0.103595890410959,0.470000000000001,0.220000000000001,0.52,-0.869995000000017,-0.26998900000001,-0.970000999999968,-1.540009,-0.86999499999996,1.72000099999997,50.0501279708589,25.5235228196799,32.4539107144067,42.9130120085755,53.439716236566,53.0032450913802,13.2738620542167,0.429993000000024,1.09368771188095,290.910004,290.480011,0.495883491131321,0.583071359891087,16.8615611602789,18.9682943976195,43.7175582619731,53.8497151461227,0.558992345592069,17.6305794828171,0.589995999999985,50.8915595693583,-1.42525323986388,-0.891209004151623,-9.11633477958859,26.2497888949007,-1.80008217287173,-3.8804973015695,50.8915595693583,-1.42525323986388,-0.891209004151623,-9.11633477958859,26.2497888949007,-1.80008217287173,-3.8804973015695,-0.61999499999996,6461,"C","I",FALSE,FALSE,FALSE,FALSE,FALSE,FALSE,FALSE,FALSE,FALSE,FALSE,FALSE,FALSE,FALSE,FALSE,FALSE,FALSE,FALSE,FALSE,FALSE,FALSE,FALSE,FALSE,FALSE,FALSE
"6462",592.495,12.41,0.690001999999993,0.00279424929635975,-0.000206355975924359,-0.00075625450130626,0.0107440748801653,12.89,12.42,12.2,11.68,-0.0372381691233515,-0.000805152979066005,0.0172131147540984,-0.48,0.470000000000001,0.220000000000001,0.80999700000001,-0.869995000000017,-0.26998900000001,1.57000800000003,-0.559998000000007,3.08999599999999,46.7612382043075,26.0147244577025,28.5073710985551,41.8840376578597,56.1869476614933,60.4752507101749,15.8497254972488,1,1.08699573246089,290.410004,289.410004,0.463043799103025,0.559065847733474,16.1443765225875,18.387491821547,42.9130120085755,53.0032450913802,0.495883491131321,16.8615611602789,-0.329985999999963,47.8530698159688,-1.41977247775301,-0.996921698871901,-16.3423685602195,19.2105442200419,-1.42525323986388,-9.11633477958859,47.8530698159688,-1.41977247775301,-0.996921698871901,-16.3423685602195,19.2105442200419,-1.42525323986388,-9.11633477958859,-0.5,6462,"D","I",FALSE,FALSE,TRUE,FALSE,FALSE,FALSE,FALSE,FALSE,FALSE,FALSE,FALSE,FALSE,FALSE,FALSE,FALSE,FALSE,FALSE,FALSE,FALSE,FALSE,FALSE,FALSE,FALSE,FALSE
"6463",700.914,12.12,-0.149993999999992,0.00010319928375119,0.00289773694463694,-0.00171691504114788,0.00909404701643782,12.41,12.89,12.42,12.2,-0.0233682514101532,-0.0597362296353764,-0.0241545893719807,-0.290000000000001,-0.48,0.470000000000001,0.0299990000000321,0.80999700000001,-0.869995000000017,0.30999700000001,0.5,2.61999500000002,46.7612382043075,30.4730605513697,21.0893060665493,40.3986996870518,56.289813303184,61.3594460904565,2.34922092064876,0,1.00935318014225,290.100006,290.100006,0.43285695358517,0.533824068903813,15.5333108917728,17.8557730216089,41.8840376578597,60.4752507101749,0.463043799103025,16.1443765225875,-0.63000500000004,46.0636517240558,-1.58450100550551,-1.11443756019862,-26.964269623538,10.1409280125434,-1.41977247775301,-16.3423685602195,46.0636517240558,-1.58450100550551,-1.11443756019862,-26.964269623538,10.1409280125434,-1.41977247775301,-16.3423685602195,-0.420014000000037,6463,"E","I",FALSE,FALSE,FALSE,FALSE,FALSE,FALSE,FALSE,FALSE,FALSE,FALSE,TRUE,FALSE,FALSE,FALSE,FALSE,FALSE,FALSE,FALSE,FALSE,FALSE,FALSE,FALSE,FALSE,FALSE
"6464",620.789,12,1.02999899999998,0.00347416757197922,0.00357772538733547,-0.0063014377066514,0.00927183224792248,12.12,12.41,12.89,12.42,-0.00990099009900984,-0.0330378726833199,-0.0690457719162142,-0.119999999999999,-0.290000000000001,-0.48,1.01000999999997,0.0299990000000321,0.80999700000001,2.35998599999999,0.949981999999977,2.68002300000001,54.0246626515129,26.1658452332318,34.7407918382581,39.994563412138,59.7188509920791,61.8652036899876,10.5186232475812,2.15997299999998,1.09154031013209,292.109985,289.950012,0.431994200904429,0.513458095303936,15.4630601847769,17.4228682472262,40.3986996870518,61.3594460904565,0.43285695358517,15.5333108917728,1.64999400000005,45.3086446459978,-1.77412325144413,-1.24637469844772,-42.8920912172715,-1.07504637031591,-1.58450100550551,-26.964269623538,45.3086446459978,-1.77412325144413,-1.24637469844772,-42.8920912172715,-1.07504637031591,-1.58450100550551,-26.964269623538,2.11999500000002,6464,"A","J",FALSE,FALSE,FALSE,FALSE,FALSE,FALSE,FALSE,FALSE,FALSE,FALSE,FALSE,FALSE,FALSE,FALSE,FALSE,FALSE,FALSE,FALSE,TRUE,FALSE,FALSE,FALSE,FALSE,FALSE
"6465",472.582,12.05,0.160004000000015,-0.00058277514684625,0.00288936776661604,-0.00147262582528932,0.00843941284655871,12,12.12,12.41,12.89,0.00416666666666673,-0.00577557755775565,-0.0290088638195004,0.0500000000000007,-0.119999999999999,-0.290000000000001,-0.170012999999983,1.01000999999997,0.0299990000000321,-1.58999700000004,0.0700070000000323,2.44000299999999,51.9032287575248,28.9975932820925,28.3132295790707,39.1601824240618,58.8814960773001,56.1434351323792,5.24079156530598,0.579987000000017,1.0550007879798,291.559998,290.980011,0.421697644234742,0.495106005090098,14.8690859135544,16.9797618916665,39.994563412138,61.8652036899876,0.431994200904429,15.4630601847769,-0.57000800000003,45.7079474514993,-1.87229007768428,-1.37155777429504,-48.3589948943058,-11.3918779856429,-1.77412325144413,-42.8920912172715,45.7079474514993,-1.87229007768428,-1.37155777429504,-48.3589948943058,-11.3918779856429,-1.77412325144413,-42.8920912172715,-0.549986999999987,6465,"B","J",FALSE,FALSE,FALSE,FALSE,FALSE,FALSE,FALSE,FALSE,FALSE,FALSE,FALSE,FALSE,FALSE,FALSE,FALSE,FALSE,FALSE,FALSE,FALSE,FALSE,FALSE,FALSE,FALSE,FALSE
"6466",646.946,11.61,0.17999199999997,0.000548782415617994,-3.43125479811046e-05,0.00240537429200444,0.00306025526865635,12.05,12,12.12,12.41,-0.0365145228215769,-0.0325,-0.0420792079207921,-0.440000000000001,0.0500000000000007,-0.119999999999999,0.160003000000017,-0.170012999999983,1.01000999999997,-0.970000999999968,1.709992,0.890014000000008,54.185655479612,25.9681796997002,35.2041492672016,38.8776086271432,59.4576489589437,56.802351059665,13.8836288072318,1.59997499999997,1.09392751740981,292.73999,291.140015,0.413191259456203,0.478723055963319,14.4393027769622,16.4806203892753,39.1601824240618,56.1434351323792,0.421697644234742,14.8690859135544,0.850006000000008,42.7500210494855,-2.21475558399448,-1.54019733623492,-54.1073301231791,-20.9100712137076,-1.87229007768428,-48.3589948943058,42.7500210494855,-2.21475558399448,-1.54019733623492,-54.1073301231791,-20.9100712137076,-1.87229007768428,-48.3589948943058,1.17999199999997,6466,"C","J",FALSE,FALSE,FALSE,FALSE,FALSE,FALSE,FALSE,FALSE,FALSE,FALSE,FALSE,FALSE,FALSE,FALSE,FALSE,FALSE,FALSE,FALSE,FALSE,FALSE,FALSE,FALSE,FALSE,FALSE
"6467",1115.459,14.22,-3.66000299999996,-0.00781571024333032,-0.00727121695205943,-0.00450558211521929,-0.00495050527794095,11.61,12.05,12,12.12,0.224806201550388,0.180082987551867,0.185,2.61,-0.440000000000001,0.0500000000000007,-2.27999900000003,0.160003000000017,-0.170012999999983,-0.26998900000001,0.0500179999999659,-1.44000299999999,53.8824773145102,39.5980787034534,15.2806093796787,37.1921086808957,48.9352760184837,47.9243471424745,-30.0069768397653,0.080016999999998,1.02150533759482,291.320007,291.23999,0.339267381834141,0.450831921137483,12.6103742516982,15.7769546148128,38.8776086271432,56.802351059665,0.413191259456203,14.4393027769622,-1.97000100000002,59.4947869279698,-0.777520645376673,-1.38766199806327,-40.7060971953998,-26.7466134298873,-2.21475558399448,-54.1073301231791,59.4947869279698,-0.777520645376673,-1.38766199806327,-40.7060971953998,-26.7466134298873,-2.21475558399448,-54.1073301231791,-1.55999699999995,6467,"D","J",FALSE,FALSE,FALSE,FALSE,FALSE,FALSE,FALSE,FALSE,FALSE,FALSE,FALSE,FALSE,FALSE,FALSE,FALSE,FALSE,FALSE,FALSE,FALSE,FALSE,FALSE,FALSE,FALSE,FALSE
"6468",1059.517,14.82,-1.44000299999999,-0.0055969976119611,-0.0133689633437237,-0.00710638182857768,-0.00525329723167622,14.22,11.61,12.05,12,0.0421940928270042,0.276485788113695,0.229875518672199,0.6,2.61,-0.440000000000001,-1.61999500000002,-2.27999900000003,0.160003000000017,-0.869995000000017,-1.540009,-1.51998900000001,46.7378390366186,40.6834182827007,6.92557043855279,35.0302130921569,43.098987818423,46.1796840929281,-29.4812970918045,2.02999799999998,1.09354052776662,289.690002,287.660004,0.23297500172863,0.407260537255713,10.765347873848,14.9241110064772,37.1921086808957,47.9243471424745,0.339267381834141,12.6103742516982,-0.970000999999968,62.2297357153119,0.709639372593385,-0.968201723931942,-22.1639747838629,-29.392439830992,-0.777520645376673,-40.7060971953998,62.2297357153119,0.709639372593385,-0.968201723931942,-22.1639747838629,-29.392439830992,-0.777520645376673,-40.7060971953998,-1.48999100000003,6468,"E","J",FALSE,FALSE,FALSE,FALSE,FALSE,FALSE,FALSE,FALSE,FALSE,FALSE,FALSE,FALSE,FALSE,FALSE,FALSE,FALSE,FALSE,FALSE,FALSE,FALSE,FALSE,FALSE,FALSE,FALSE
"6469",877.422,15.69,-0.720001000000025,0,-0.0055969976119611,-0.00987304338041876,-0.010621831348227,14.82,14.22,11.61,12.05,0.0587044534412955,0.10337552742616,0.351421188630491,0.869999999999999,0.6,2.61,0,-1.61999500000002,-2.27999900000003,0.80999700000001,1.57000800000003,-3.08999700000004,44.159628012294,52.0639801572331,8.21456635778324,33.1148097539874,43.098987818423,42.6824447132685,-44.0941208478095,0.82998699999996,1.07471527578329,287.049988,286.220001,0.146977174479446,0.355203864700459,9.50094358121847,14.0208181285218,35.0302130921569,46.1796840929281,0.23297500172863,10.765347873848,-2.04998799999998,65.8322622480792,2.36170753813274,-0.302219871519006,-8.93989055435448,-29.954594636857,0.709639372593385,-22.1639747838629,65.8322622480792,2.36170753813274,-0.302219871519006,-8.93989055435448,-29.954594636857,0.709639372593385,-22.1639747838629,-2.64001400000001,6469,"A","J",FALSE,FALSE,FALSE,FALSE,FALSE,FALSE,FALSE,FALSE,FALSE,FALSE,FALSE,FALSE,FALSE,FALSE,FALSE,FALSE,FALSE,FALSE,FALSE,FALSE,FALSE,FALSE,FALSE,FALSE
"6470",743.39,15.95,1.26998900000001,-0.00145929049331162,-0.00145929049331162,-0.0114199469887868,-0.0131172549511805,15.69,14.82,14.22,11.61,0.0165710643722116,0.0762483130904183,0.121659634317862,0.26,0.869999999999999,0.6,-0.420012999999983,0,-1.61999500000002,0.0299990000000321,0.30999700000001,-3.82000700000003,41.0413705570062,45.8600990645096,5.54504835014943,31.1455410822847,41.6068864451663,36.5938509820243,-27.3022947345721,1.89001500000001,1.1329509703702,287.390015,285.5,0.0663024398769751,0.297423579735762,7.94592135381671,13.0301914833593,33.1148097539874,42.6824447132685,0.146977174479446,9.50094358121847,0.63998399999997,66.849871755761,3.73525134578148,0.505274371941091,8.6173840620221,-27.9841814322336,2.36170753813274,-8.93989055435448,66.849871755761,3.73525134578148,0.505274371941091,8.6173840620221,-27.9841814322336,2.36170753813274,-8.93989055435448,0.340027000000021,6470,"B","J",FALSE,FALSE,FALSE,FALSE,FALSE,FALSE,FALSE,FALSE,FALSE,FALSE,FALSE,FALSE,FALSE,FALSE,FALSE,FALSE,FALSE,FALSE,FALSE,FALSE,FALSE,FALSE,FALSE,FALSE
"6471",2147.31,22.96,-8.88998400000003,-0.0316632087334003,-0.0330762934072196,-0.0460357950625793,-0.0520471410743677,15.95,15.69,14.82,14.22,0.439498432601881,0.463352453792224,0.549257759784076,7.01,0.26,0.869999999999999,-9.10000600000001,-0.420012999999983,0,1.01000999999997,2.35998599999999,-15.279999,40.8748612180188,58.8599569110761,18.0329157163326,30.2089249847167,23.0154165404951,23.7054165065741,-137.417236585383,0.0599980000000073,1.05631147248661,286.829987,286.769989,-0.249307147994449,0.18807743418972,3.79322250922612,11.6578410374303,31.1455410822847,36.5938509820243,0.0663024398769751,7.94592135381671,-1.94998099999998,82.2228197921348,8.55925097179055,2.11606969191098,59.6095852373197,-19.5450754547293,3.73525134578148,8.6173840620221,82.2228197921348,8.55925097179055,2.11606969191098,59.6095852373197,-19.5450754547293,3.73525134578148,8.6173840620221,-0.560027999999988,6471,"C","J",FALSE,FALSE,FALSE,FALSE,FALSE,FALSE,FALSE,FALSE,FALSE,FALSE,FALSE,FALSE,FALSE,FALSE,FALSE,FALSE,FALSE,FALSE,FALSE,FALSE,FALSE,FALSE,FALSE,FALSE
"6472",2748.405,24.98,-7.52001999999999,-0.0220265011294215,-0.0529922801598945,-0.0665042705892734,-0.067878960508201,22.96,15.95,15.69,14.82,0.087979094076655,0.566144200626959,0.592096876991715,2.02,7.01,0.26,-6.129975,-9.10000600000001,-0.420012999999983,-0.170012999999983,-1.58999700000004,-19.819977,40.8748612180188,117.190726900174,48.2811386024707,31.4997973859848,17.3812348688666,20.7967293541942,-241.197050542747,0,0.980860653023282,277.880005,277.880005,-0.666162369688195,0.0172294734141372,-3.03330723339012,9.59488346796773,30.2089249847167,23.7054165065741,-0.249307147994449,3.79322250922612,-8.01001000000002,84.4592797367545,12.7979945883048,4.25245467118974,122.349113801381,-2.95469951862718,8.55925097179055,59.6095852373197,84.4592797367545,12.7979945883048,4.25245467118974,122.349113801381,-2.95469951862718,8.55925097179055,59.6095852373197,-9.75,6472,"D","J",FALSE,FALSE,FALSE,FALSE,FALSE,FALSE,FALSE,FALSE,FALSE,FALSE,FALSE,FALSE,FALSE,FALSE,FALSE,FALSE,FALSE,FALSE,FALSE,FALSE,FALSE,FALSE,FALSE,FALSE
"6473",1831.865,21.31,2.01001000000002,0.0138883742493705,-0.00844403917114064,-0.0540586485189269,-0.0517833055103304,24.98,22.96,15.95,15.69,-0.146917534027222,-0.0718641114982579,0.336050156739812,-3.67,2.02,7.01,3.77999900000003,-6.129975,-9.10000600000001,0.160003000000017,-0.970000999999968,-15.069977,27.2009719727007,87.433015916823,52.5429194718148,33.0028775349727,28.9341281270728,31.7891026793287,-130.151140944666,6.41000400000001,1.36865660637876,276.769989,270.359985,-0.881980335771415,-0.162612488422973,-8.51057704576592,6.93114599790741,31.4997973859848,20.7967293541942,-0.666162369688195,-3.03330723339012,-1.80999800000001,67.7762426110056,13.9056045667612,6.18308465030404,175.596224981971,21.3217800590665,12.7979945883048,122.349113801381,67.7762426110056,13.9056045667612,6.18308465030404,175.596224981971,21.3217800590665,12.7979945883048,122.349113801381,-0.309998000000007,6473,"E","J",FALSE,FALSE,FALSE,FALSE,TRUE,FALSE,FALSE,FALSE,FALSE,FALSE,FALSE,FALSE,FALSE,FALSE,FALSE,FALSE,FALSE,FALSE,FALSE,FALSE,FALSE,FALSE,FALSE,FALSE
"6474",1022.637,21.3,1.92999299999997,-0.00561702457907493,0.00819333833077346,-0.0519624374518903,-0.0562338985382631,21.31,24.98,22.96,15.95,-0.000469263256686908,-0.147317854283427,-0.0722996515679443,-0.00999999999999801,-3.67,2.02,-1.55001800000002,3.77999900000003,-6.129975,-2.27999900000003,-0.26998900000001,-16.350006,23.0765813973318,74.4141911433024,52.6589423881867,34.4068821673451,27.2513391814585,30.6101772738965,-80.871679225532,3.17999299999997,1.49803777735171,275.549988,272.369995,-1.08603612445556,-0.34729721562949,-14.6017602123329,3.6566075394755,33.0028775349727,31.7891026793287,-0.881980335771415,-8.51057704576592,-0.0499869999999873,67.7369806311388,14.5023687630142,7.84694147284607,227.935341992361,52.0211508242516,13.9056045667612,175.596224981971,67.7369806311388,14.5023687630142,7.84694147284607,227.935341992361,52.0211508242516,13.9056045667612,175.596224981971,-1.22000100000002,6474,"A","J",FALSE,FALSE,FALSE,FALSE,FALSE,FALSE,FALSE,FALSE,FALSE,FALSE,FALSE,FALSE,FALSE,FALSE,TRUE,FALSE,FALSE,FALSE,FALSE,FALSE,FALSE,FALSE,FALSE,FALSE
"6475",1182.558,17.62,1.77001899999999,0.0218658896909451,0.0161260438720328,-0.0257800459298856,-0.0327032249085272,21.3,21.31,24.98,22.96,-0.172769953051643,-0.173158141717503,-0.294635708566853,-3.68,-0.00999999999999801,-3.67,6,-1.55001800000002,3.77999900000003,-1.61999500000002,-0.869995000000017,-9.48001099999999,25.4612619040618,66.553900091265,44.658551151918,35.1391442376718,41.4473151677708,37.7929603240807,-60.6545187255802,2.30001800000002,1.55532207896944,276.600006,274.299988,-1.06520229108261,-0.490878230720115,-18.8823496712222,-0.0457982881005526,34.4068821673451,30.6101772738965,-1.08603612445556,-14.6017602123329,3.77999799999998,55.0896890701571,13.126998563819,8.90295289104066,265.855387880756,87.5725639358,14.5023687630142,227.935341992361,55.0896890701571,13.126998563819,8.90295289104066,265.855387880756,87.5725639358,14.5023687630142,227.935341992361,1.05001800000002,6475,"B","J",FALSE,FALSE,FALSE,FALSE,FALSE,FALSE,FALSE,FALSE,FALSE,FALSE,FALSE,FALSE,FALSE,FALSE,FALSE,FALSE,FALSE,FALSE,FALSE,FALSE,FALSE,FALSE,TRUE,FALSE
"6476",1106.26,17.4,1.48999100000003,0.000178380888267861,0.0220481710360388,-0.0256062637091103,-0.0352264953371185,17.62,21.3,21.31,24.98,-0.0124858115777527,-0.183098591549296,-0.183481933364618,-0.220000000000002,-3.68,-0.00999999999999801,0.0500180000000228,6,-1.55001800000002,0,0.80999700000001,-10.23999,36.5528879894879,54.7259258904692,19.9093712204467,34.05130330787,41.5497120334467,39.7774392904093,-41.854422925375,4.36999500000002,1.75637014475734,280.440002,276.070007,-1.03547322300444,-0.599797229176979,-22.9018679269391,-3.9916029746158,35.1391442376718,37.7929603240807,-1.06520229108261,-18.8823496712222,0.329987000000017,54.4353359918269,11.8050793839048,9.48337818961348,302.522977595758,125.709127801484,13.126998563819,265.855387880756,54.4353359918269,11.8050793839048,9.48337818961348,302.522977595758,125.709127801484,13.126998563819,265.855387880756,3.83999599999999,6476,"C","J",FALSE,FALSE,FALSE,FALSE,FALSE,FALSE,FALSE,FALSE,FALSE,FALSE,FALSE,FALSE,FALSE,FALSE,FALSE,FALSE,FALSE,FALSE,FALSE,FALSE,FALSE,FALSE,FALSE,FALSE
"6477",1345.575,20.06,-2.58999699999998,-0.0144411404054425,-0.0142653355406277,-0.0382741831233302,-0.0492570409698094,17.4,17.62,21.3,21.31,0.152873563218391,0.138479001135074,-0.0582159624413146,2.66,-0.220000000000002,-3.68,-4.05001800000002,0.0500180000000228,6,-0.420012999999983,0.0299990000000321,-14.320007,33.8269247342641,55.0219284897768,23.8551236019528,33.3230047574473,36.0519721171036,33.7556396356291,-56.9747032412238,1.83999599999999,1.76234342013182,279.399994,277.559998,-1.11522127409919,-0.70288203816142,-28.0164523745433,-8.30069189110372,34.05130330787,39.7774392904093,-1.03547322300444,-22.9018679269391,-1.07998700000002,60.5385488849394,11.8138821110507,9.94947897390093,340.515632190076,166.0068619097,11.8050793839048,302.522977595758,60.5385488849394,11.8138821110507,9.94947897390093,340.515632190076,166.0068619097,11.8050793839048,302.522977595758,-1.040008,6477,"D","J",FALSE,FALSE,FALSE,FALSE,FALSE,FALSE,FALSE,TRUE,FALSE,FALSE,FALSE,FALSE,FALSE,FALSE,FALSE,FALSE,FALSE,FALSE,FALSE,FALSE,FALSE,FALSE,FALSE,FALSE
"6478",1399.016,19.89,0.5,-0.000542670055195415,-0.014975973686177,-0.00736610883360866,-0.0530627992195153,20.06,17.4,17.62,21.3,-0.00847457627118635,0.143103448275862,0.12883087400681,-0.169999999999998,2.66,-0.220000000000002,-0.149993999999992,-4.05001800000002,0.0500180000000228,-9.10000600000001,1.01000999999997,-15.480011,30.9124880596846,53.3528058848468,26.6305578188973,32.8449728332652,35.8627112138649,28.4273174969167,-26.5328991864897,2.16000399999996,1.79074774726525,277.130005,274.970001,-1.169847177353,-0.796275065999737,-32.4695361345081,-12.9640785261844,33.3230047574473,33.7556396356291,-1.11522127409919,-28.0164523745433,-0.770018999999991,59.9855440638087,11.5841401923983,10.2764112176004,373.485758497922,208.498600693286,11.8138821110507,340.515632190076,59.9855440638087,11.5841401923983,10.2764112176004,373.485758497922,208.498600693286,11.8138821110507,340.515632190076,-2.26998900000001,6478,"E","J",FALSE,FALSE,FALSE,FALSE,FALSE,FALSE,FALSE,FALSE,FALSE,FALSE,FALSE,FALSE,TRUE,FALSE,FALSE,FALSE,FALSE,FALSE,FALSE,FALSE,FALSE,FALSE,FALSE,FALSE
"6479",824.158,19.64,-1.05999700000001,-0.00448865158371033,-0.00502888578210306,0.0104346432904055,-0.0567635756397556,19.89,20.06,17.4,17.62,-0.012569130216189,-0.0209371884346958,0.128735632183908,-0.25,-0.169999999999998,2.66,-1.23998999999998,-0.149993999999992,-4.05001800000002,-6.129975,-0.170012999999983,-16.549988,29.0061353735926,57.8821017270546,33.2334586556446,32.872721820578,34.261434444977,27.8997940711974,-10.6091482706237,1.52999899999998,1.77212283674631,277,275.470001,-1.23515060093831,-0.88405017298745,-37.4144730161099,-18.0041223450652,32.8449728332652,28.4273174969167,-1.169847177353,-32.4695361345081,-1.94000299999999,59.1301200412983,11.1466700806115,10.4504629902026,401.642204625105,252.168025200295,11.5841401923983,373.485758497922,59.1301200412983,11.1466700806115,10.4504629902026,401.642204625105,252.168025200295,11.5841401923983,373.485758497922,-0.130004999999983,6479,"A","J",FALSE,FALSE,FALSE,FALSE,FALSE,FALSE,FALSE,FALSE,FALSE,FALSE,FALSE,FALSE,FALSE,FALSE,FALSE,FALSE,FALSE,FALSE,FALSE,FALSE,TRUE,FALSE,FALSE,FALSE
